,Date Time,Day of Week,Object 1,Object 2,Street Number,Street Name,Cross Street,Near Street,Location,May involve cyclist,May Involve Pedestrian,Manner of Collision,First Harmful Event Location,First Harmful Event,Ambient Light,Weather Condition 1,Weather Condition 2,Traffic Control Device Type,Traffic Control Device Functionality,Road Surface Condition,Roadway Junction Type,Trafficway Description,School Bus Related,Work Zone,Speed Limit,Street or Intersection,Intersection Name 1,Intersection Direction 1,Intersection Name 2,Intersection Direction 2,Intersection Name 3,Intersection Direction 3,Street Direction,Nearest Intersection Distance,Nearest Intersection Direction,Landmark Distance,Landmark Direction,Landmark,Mile Marker Direction,Non Public Area,Road Contributing,Damaged Property Type,Description of Damaged Property,V1 Registration Type,v1 State Code,V1 Configuration,V1 Emergency Response,V1 Moped,V1 Hit and Run,V1 Action Prior to Crash,V1 Model Year,V1 Most Harmful Event,V1 Model,V1 Make,V1 Occupant Count,V1 Underride Override,V1 First Event,V1 Second Event,V1 Third Event,V1 Fourth Event,V1 Most Damaged Area,V1 Second Damaged Area,V1 Third Damaged Area,V1 Towed,V1 Travel Direction,V1 Interstate,V1 Cargo Body Type,V1 Gross Weight,V1 Haz Placard,V1 Haz Release,V1 Trailer Reg Type,V1 Trailer Reg Plate,V1 Trailer Reg State,V1 Trailer Reg Year,V1 Trailer Len,V1 Driver Contribution,V1 Driver Contribution 2,V1 Is Truck,V1 Has Trailer,V1 Is Bus,V1 Is Hazmat,V1 Reg Year,V1 Driver Distracted,V1 Bus Use,V1 Tow Use,V2 Registration Type,V2 State Code,V2 Configuration,V2 Emergency Response,V2 Moped,V2 Hit and Run,V2 Action Prior to Crash,V2 Model Year,V2 Most Harmful Event,V2 Model,V2 Make,V2 Occupant Count,V2 Underride Override,V2 First Event,V2 Second Event,V2 Third Event,V2 Fourth Event,V2 Most Damaged Area,V2 Second Damaged Area,V2 Third Damaged Area,V2 Towed,V2 Travel Direction,V2 Interstate,V2 Cargo Body Type,V2 Gross Weight,V2 Haz Placard,V2 Haz Release,V2 Trailer Reg Type,V2 Trailer Reg Plate,V2 Trailer Reg State,V2 Trailer Reg Year,V2 Trailer Len,V2 Driver Contribution,V2 Driver Contribution 2,V2 Is Truck,V2 Has Trailer,V2 Is Bus,V2 Is Hazmat,V2 Reg Year,V2 Driver Distracted,V2 Bus Use,V2 Tow Use,P1 Role,P1 Injury,P1 Drivers Lic State,P1 Drivers Lic Class 1,P1 Drivers Lic Class 2,P1 Drivers Lic Restrict,P1 Non Motorist Desc,P1 Non Motorist Action,P1 Non Motorist Location,P1 Safety Equipment,P1 Age,P1 Sex,P1 Seat Position,P1 Safety System,P1 Trapped,P1 Veh Owner,P2 Role,P2 Injury,P2 Drivers Lic State,P2 Drivers Lic Class 1,P2 Drivers Lic Class 2,P2 Drivers Lic Restrict,P2 Non Motorist Desc,P2 Non Motorist Action,P2 Non Motorist Location,P2 Safety Equipment,P2 Age,P2 Sex,P2 Seat Position,P2 Safety System,P2 Trapped,P2 Veh Owner
2247,05/12/2016 08:20:00 AM,Thursday,TRACTOR / SEMI-TRIALER,,,MASS AVE,SIDNEY ST,,"MASS AVE
Cambridge, MA",1.0,,ANGLE,ROADWAY,COLLISION WITH PEDALCYCLE,DAYLIGHT,CLEAR,,TRAFFIC CONTROL SIGNAL,YES,DRY,FOUR WAY INTERSECTION,"TWO-WAY, NOT DIVIDED",NO,NO,,INTERSECTION,MASS AVE,,SIDNEY ST,,,,,,,,,,,,,,,CON,MA,TRACTOR / SEMI-TRIALER,N,,,TURNING RIGHT,2009.0,COLLISION WITH PEDALCYCLE,8600,INTL,1.0,,COLLISION WITH PEDALCYCLE,,,,NONE,,,Y,EASTBOUND,NO,OTHER,"MORE THAN 26,000 POUNDS",,,SMN,19932,MASSACHUSETTS,2001,OTHER,UNKNOWN,,Y,Y,,,,,,NO,,,,,,,,,,,,,,,,,,,,,,,,,,,,,,,,,,,,,,,,,,,OPERATOR/DRIVER,NO INJURY,MASSACHUSETTS,"A, CLASS A VEHICLES",,,,,,,,MALE,"FRONT SEAT - LEFT SIDE, OR MOTORCYLE DRIVER",UNKNOWN,NOT TRAPPED,,UNINVOLVED OWNER,,,,,,,,,,,,,,,Y
2249,08/20/2015 06:26:00 PM,Thursday,PASSENGER CAR,,844,MASS AVE,,,"844 MASS AVE
Cambridge, MA
(42.3673, -71.106811)",1.0,,"SIDESWIPE, SAME DIRECTION",ROADWAY,,DAYLIGHT,CLEAR,,NO CONTROLS,NO,DRY,NOT AT INTERSECTION,"TWO-WAY, DIVIDED, UNPROTECTED MEDIAN",NO,NO,,NON INTERSECTION,,,,,,,EASTBOUND,,,,,,,,,,,PAN,MA,PASSENGER CAR,N,,,PARKED,2014.0,COLLISION WITH OTHER MOVABLE OBJECT,ACCORD,HONDA,1.0,,COLLISION WITH OTHER MOVABLE OBJECT,,,,,,,N,EASTBOUND,,,,,,,,,,,UNKNOWN,,,,,,,UNKNOWN,,,,,,,,,,,,,,,,,,,,,,,,,,,,,,,,,,,,,,,,,,,,,OPERATOR/DRIVER,,MASSACHUSETTS,"D, CLASS D VEHICLES",,,,,,,,MALE,"FRONT SEAT - LEFT SIDE, OR MOTORCYLE DRIVER",UNKNOWN,NOT TRAPPED,Y,NON-MOTORIST,,,,,,CYCLIST,"WALKING, RUNNING OR CYCLING",CYCLIST,NONE USED,,FEMALE,,,,
2288,07/25/2016 11:50:00 AM,Monday,"LIGHT TRUCK(VAN, MINI VAN, PICK-UP, SPORT UTILITY)",,,MASS AVE,NORFOLK ST,,"MASS AVE
Cambridge, MA",1.0,,ANGLE,ROADWAY,COLLISION WITH PEDALCYCLE,DAYLIGHT,CLEAR,CLOUDY,STOP SIGNS,YES,DRY,T-INTERSECTION,"TWO-WAY, NOT DIVIDED",NO,NO,,INTERSECTION,MASS AVE,,NORFOLK ST,,,,,,,,,,,,,,,CON,MA,"LIGHT TRUCK(VAN, MINI VAN, PICK-UP, SPORT UTILITY)",N,,,TURNING RIGHT,2016.0,COLLISION WITH PEDALCYCLE,MT55,FRHT,1.0,,COLLISION WITH PEDALCYCLE,,,,NONE,,,N,WESTBOUND,,,,,,,,,,,,,,,,,,,,,,,,,,,,,,,,,,,,,,,,,,,,,,,,,,,,,,,,,,,,,,,OPERATOR/DRIVER,NO INJURY,MASSACHUSETTS,"D, CLASS D VEHICLES",,,,,,,,MALE,"FRONT SEAT - LEFT SIDE, OR MOTORCYLE DRIVER",UNKNOWN,NOT TRAPPED,,UNINVOLVED OWNER,,,,,,,,,,,UNKNOWN,,,,Y
2300,07/26/2016 08:20:00 PM,Tuesday,PASSENGER CAR,,,BOW ST,MASSACHUSETTS AVE,,"BOW ST
Cambridge, MA",1.0,,UNKNOWN,ROADWAY,COLLISION WITH PEDALCYCLE,DUSK,CLEAR,,,,DRY,,,,,,INTERSECTION,BOW ST,,MASSACHUSETTS AVE,,,,,,,,,,,,NONE,,,CON,MA,PASSENGER CAR,N,,,TRAVELING STRAIGHT AHEAD,2014.0,COLLISION WITH PEDALCYCLE,FUSION,FORD,1.0,,COLLISION WITH PEDALCYCLE,,,,LEFT FRONT,,,N,,,,,,,,,,,,UNKNOWN,,,,,,,,,,,,,,,,,,,,,,,,,,,,,,,,,,,,,,,,,,,,,,,,,,,,OPERATOR/DRIVER,,MASSACHUSETTS,,,,,,,,,FEMALE,"FRONT SEAT - LEFT SIDE, OR MOTORCYLE DRIVER",,,,NON-MOTORIST,NO INJURY,,,,,CYCLIST,"WALKING, RUNNING OR CYCLING",MARKED CROSSWALK AT INTERSECTION,UNKNOWN,,MALE,,,,
2396,05/03/2015 03:07:00 PM,Sunday,"LIGHT TRUCK(VAN, MINI VAN, PICK-UP, SPORT UTILITY)",,,MASS AVE,PLEASANT ST,,"MASS AVE
Cambridge, MA",1.0,,ANGLE,ROADWAY,,DAYLIGHT,CLEAR,,NO CONTROLS,,DRY,T-INTERSECTION,"TWO-WAY, NOT DIVIDED",NO,NO,,INTERSECTION,MASS AVE,WESTBOUND,PLEASANT ST,SOUTHBOUND,,,,,,,,,,,NONE,,,PAN,MA,"LIGHT TRUCK(VAN, MINI VAN, PICK-UP, SPORT UTILITY)",N,,,TURNING RIGHT,2014.0,COLLISION WITH PEDALCYCLE,ESCAPE,FORD,1.0,,COLLISION WITH PEDALCYCLE,,,,,,,N,SOUTHBOUND,,,,,,,,,,,MADE AN IMPROPER TURN,,,,,,,,,,,,,,,,,,,,,,,,,,,,,,,,,,,,,,,,,,,,,,,,,,,,OPERATOR/DRIVER,NO INJURY,MASSACHUSETTS,"D, CLASS D VEHICLES",,NONE,,,,,,FEMALE,"FRONT SEAT - LEFT SIDE, OR MOTORCYLE DRIVER",SHOULDER AND LAP BELT USED,NOT TRAPPED,Y,NON-MOTORIST,NON FATAL INJURY - NON INCAPACITATING,,,,,CYCLIST,ENTERING OR CROSSING SPECIFIED LOCATION,CYCLIST,HELMET,,FEMALE,,,,
2434,08/21/2016 03:05:00 PM,Sunday,,,,MASS AVE,VASSAR STREET,,"MASS AVE
Cambridge, MA",1.0,,"SIDESWIPE, SAME DIRECTION",ROADWAY,COLLISION WITH PEDALCYCLE,DAYLIGHT,CLEAR,,TRAFFIC CONTROL SIGNAL,YES,DRY,FOUR WAY INTERSECTION,"TWO-WAY, DIVIDED, UNPROTECTED MEDIAN",NO,NO,,INTERSECTION,MASS AVE,SOUTHBOUND,VASSAR STREET,WESTBOUND,,,,,,,,,,,NONE,,,,,,,,,,,,,,,,,,,,,,,,,,,,,,,,,,,,,,,,,,,,,,,,,,,,,,,,,,,,,,,,,,,,,,,,,,,,,,,,,,,,,,,NON-MOTORIST,NON FATAL INJURY - POSSIBLE,FLORIDA,"D, CLASS D VEHICLES",,UNKNOWN,CYCLIST,ENTERING OR CROSSING SPECIFIED LOCATION,IN ROADWAY,HELMET,,FEMALE,,,,,,,,,,,,,,,,,,,,
2495,06/29/2016 05:31:00 PM,Wednesday,"LIGHT TRUCK(VAN, MINI VAN, PICK-UP, SPORT UTILITY)",,1791,MASSACHUSETTS AVENUE,,,"1791 MASSACHUSETTS AVENUE
Cambridge, MA
(42.386329, -71.11918)",1.0,,SINGLE VEHICLE CRASH,ROADWAY,COLLISION WITH PEDALCYCLE,DAYLIGHT,CLEAR,,NO CONTROLS,,DRY,NOT AT INTERSECTION,"TWO-WAY, DIVIDED, POSITIVE MEDIAN BARRIER",NO,NO,,NON INTERSECTION,,,,,,,NORTHBOUND,,,,NORTHBOUND,LUNDER ARTS  CENTER,,,NONE,,,PAN,MA,"LIGHT TRUCK(VAN, MINI VAN, PICK-UP, SPORT UTILITY)",N,,,SLOWING OR STOPPED IN TRAFFIC,2006.0,COLLISION WITH PEDALCYCLE,XC90,VOLVO,2.0,,COLLISION WITH PEDALCYCLE,,,,,,,N,NORTHBOUND,,,,,,,,,,,NO IMPROPER DRIVING,,,,,,,,,,,,,,,,,,,,,,,,,,,,,,,,,,,,,,,,,,,,,,,,,,,,OPERATOR/DRIVER,,MASSACHUSETTS,,,,,,,,,MALE,"FRONT SEAT - LEFT SIDE, OR MOTORCYLE DRIVER",UNKNOWN,NOT TRAPPED,Y,OCCUPANT/PASSENGER,,,,,,,,,NONE USED,,FEMALE,SECOND SEAT - RIGHT SIDE,UNKNOWN,,
2779,09/12/2015 01:08:00 PM,Saturday,PASSENGER CAR,,,MASS AVE,GARDEN STREET,,"MASS AVE
Cambridge, MA",1.0,,"SIDESWIPE, OPPOSITE DIRECTION",,,DAYLIGHT,CLEAR,,NO CONTROLS,NO,DRY,T-INTERSECTION,"ONE-WAY, NOT DIVIDED",NO,NO,,INTERSECTION,MASS AVE,EASTBOUND,GARDEN STREET,EASTBOUND,,,,,,,,,,,,,,PAN,MA,PASSENGER CAR,N,,,TURNING RIGHT,2014.0,,CAMRY,TOYOTA,1.0,,COLLISION WITH PEDALCYCLE,,,,UNKNOWN,,,N,,,,,,,,,,,,,,,,,,,,,,,,,,,,,,,,,,,,,,,,,,,,,,,,,,,,,,,,,,,,,,,,OPERATOR/DRIVER,,MASSACHUSETTS,,,,,,,,,MALE,,,,Y,NON-MOTORIST,,,,,,CYCLIST,ENTERING OR CROSSING SPECIFIED LOCATION,CYCLIST,HELMET,,FEMALE,,,,
2796,06/08/2016 02:15:00 PM,Wednesday,PASSENGER CAR,,,MASS AVE,VASSAR ST,,"MASS AVE
Cambridge, MA",1.0,,ANGLE,ROADWAY,COLLISION WITH PEDALCYCLE,DAYLIGHT,CLEAR,,TRAFFIC CONTROL SIGNAL,YES,DRY,FOUR WAY INTERSECTION,"TWO-WAY, NOT DIVIDED",NO,NO,,INTERSECTION,MASS AVE,,VASSAR ST,,,,,,,,,,,,,,,PAN,MA,PASSENGER CAR,N,,,TURNING RIGHT,2007.0,COLLISION WITH PEDALCYCLE,COROLL,TOYT,1.0,,COLLISION WITH PEDALCYCLE,,,,UNKNOWN,,,N,EASTBOUND,,,,,,,,,,,FAILED TO YIELD THE RIGHT OF WAY,,,,,,,,,,,,,,,,,,,,,,,,,,,,,,,,,,,,,,,,,,,,,,,,,,,,OPERATOR/DRIVER,NO INJURY,MASSACHUSETTS,,,,,,,,,FEMALE,"FRONT SEAT - LEFT SIDE, OR MOTORCYLE DRIVER",UNKNOWN,NOT TRAPPED,Y,NON-MOTORIST,NON FATAL INJURY - POSSIBLE,,,,,CYCLIST,"WALKING, RUNNING OR CYCLING",AT INTERSECTION BUT NO CROSSWALK,HELMET,,FEMALE,,,,
2818,08/04/2015 11:20:00 AM,Tuesday,,,,MASS AVE,BLAKE ST,,"MASS AVE
Cambridge, MA",1.0,,,,,DAYLIGHT,CLEAR,CLEAR,NO CONTROLS,,,T-INTERSECTION,,,,,INTERSECTION,MASS AVE,,BLAKE ST,,,,,,,,,,,,,,,LVN,MA,,N,,,TURNING RIGHT,2014.0,,FUSION,FORD,1.0,,,,,,,,,N,,,,,,,,,,,,,,,,,,,,,NO,,,,,,,,,,,,,,,,,,,,,,,,,,,,,,,,,,,,,,,,,,,NON-MOTORIST,,,,,,CYCLIST,,,NONE USED,,MALE,,,,,OPERATOR/DRIVER,,MASSACHUSETTS,,,,,,,,,MALE,"FRONT SEAT - LEFT SIDE, OR MOTORCYLE DRIVER",,,
2837,05/18/2016 08:15:00 PM,Wednesday,PASSENGER CAR,,,MASS AVE,SIDNEY STREET,,"MASS AVE
Cambridge, MA",1.0,,ANGLE,ROADWAY,COLLISION WITH PEDALCYCLE,DUSK,CLEAR,,TRAFFIC CONTROL SIGNAL,YES,DRY,FOUR WAY INTERSECTION,"TWO-WAY, DIVIDED, UNPROTECTED MEDIAN",NO,NO,,INTERSECTION,MASS AVE,EASTBOUND,SIDNEY STREET,SOUTHBOUND,,,,,,,,,,,NONE,,,,,PASSENGER CAR,N,,Y,TURNING LEFT,,COLLISION WITH PEDALCYCLE,CAMRY,TOYOTA,1.0,,COLLISION WITH PEDALCYCLE,,,,,,,N,EASTBOUND,,,,,,,,,,,UNKNOWN,,,,,,,UNKNOWN,,,,,,,,,,,,,,,,,,,,,,,,,,,,,,,,,,,,,,,,,,,,,NON-MOTORIST,NON FATAL INJURY - NON INCAPACITATING,,,,,CYCLIST,ENTERING OR CROSSING SPECIFIED LOCATION,CYCLIST,NONE USED,,MALE,,,,,NON-MOTORIST,NON FATAL INJURY - POSSIBLE,,,,,,,,,,MALE,,,,
2973,01/31/2017 01:33:00 PM,Tuesday,"LIGHT TRUCK(VAN, MINI VAN, PICK-UP, SPORT UTILITY)",,,MASSACHUSETTS AVE,SIDNEY ST,,"MASSACHUSETTS AVE
Cambridge, MA",1.0,,ANGLE,ROADWAY,COLLISION WITH PEDALCYCLE,DAYLIGHT,CLOUDY,,TRAFFIC CONTROL SIGNAL,YES,DRY,FOUR WAY INTERSECTION,"TWO-WAY, NOT DIVIDED",NO,NO,25,INTERSECTION,MASSACHUSETTS AVE,WESTBOUND,SIDNEY ST,SOUTHBOUND,,,,,,,,,,,NONE,,,PAN,MA,"LIGHT TRUCK(VAN, MINI VAN, PICK-UP, SPORT UTILITY)",N,,,TRAVELING STRAIGHT AHEAD,2014.0,COLLISION WITH PEDALCYCLE,CRV,HONDA,1.0,,COLLISION WITH PEDALCYCLE,,,,CENTER FRONT,LEFT FRONT,,N,SOUTHBOUND,,,,,,,,,,,NO IMPROPER DRIVING,,,,,,,NOT DISTRACTED,,,,,,,,,,,,,,,,,,,,,,,,,,,,,,,,,,,,,,,,,,,,,OPERATOR/DRIVER,NO INJURY,MASSACHUSETTS,"D, CLASS D VEHICLES",,,,,,,,FEMALE,"FRONT SEAT - LEFT SIDE, OR MOTORCYLE DRIVER",SHOULDER AND LAP BELT USED,NOT TRAPPED,Y,NON-MOTORIST,,MASSACHUSETTS,,,,CYCLIST,ENTERING OR CROSSING SPECIFIED LOCATION,IN ROADWAY,NONE USED,,MALE,,,,
2986,10/16/2015 05:08:00 PM,Friday,,,,MASSACHUSETTS AVENUE,,GARFIELD,,1.0,,"SIDESWIPE, OPPOSITE DIRECTION",ROADWAY,COLLISION WITH MOTOR VEHICLE IN TRAFFIC,DAYLIGHT,CLEAR,CLEAR,NO CONTROLS,NO,DRY,,,NO,NO,,NON INTERSECTION,,,,,,,NORTHBOUND,,WESTBOUND,,,,,,,,,PAN,MA,,N,,Y,PARKED,2015.0,,PRIUS,TOYOTA,1.0,,COLLISION WITH PEDALCYCLE,,,,LEFT SIDE,,,N,,,,,,,,,,,,UNKNOWN,NO IMPROPER DRIVING,,,,,,NOT DISTRACTED,,,,,,,,,,,,,,,,,,,,,,,,,,,,,,,,,,,,,,,,,,,,,OPERATOR/DRIVER,NO INJURY,MASSACHUSETTS,,,,,,,,,MALE,"FRONT SEAT - LEFT SIDE, OR MOTORCYLE DRIVER",NONE USED - VEHICLE OCCUPANT,,Y,NON-MOTORIST,,,,,,,,,,,MALE,,,,
2997,10/30/2015 12:34:00 PM,Friday,"SINGLE UNIT TRUCK (2 AXLES, 6 TIRES)",,,MASS AVE,WINDSOR ST.,,"MASS AVE
Cambridge, MA",1.0,,"SIDESWIPE, SAME DIRECTION",ROADWAY,COLLISION WITH PEDALCYCLE,DAYLIGHT,CLEAR,CLEAR,NO CONTROLS,,DRY,T-INTERSECTION,"TWO-WAY, NOT DIVIDED",NO,YES,,INTERSECTION,MASS AVE,NORTHBOUND,WINDSOR ST.,NORTHBOUND,,,NORTHBOUND,,,,,,,,UNKNOWN,,,COM,CT,"SINGLE UNIT TRUCK (2 AXLES, 6 TIRES)",N,,,TURNING RIGHT,2009.0,COLLISION WITH PEDALCYCLE,M2106,FRHT,1.0,,COLLISION WITH PEDALCYCLE,COLLISION WITH PEDALCYCLE,COLLISION WITH PEDALCYCLE,COLLISION WITH PEDALCYCLE,,,,N,NORTHBOUND,,UNKNOWN,,,,,,,,,UNKNOWN,UNKNOWN,Y,,,,2009.0,UNKNOWN,,,,,,,,,,,,,,,,,,,,,,,,,,,,,,,,,,,,,,,,,,,,,OPERATOR/DRIVER,NO INJURY,CONNECTICUT,,,,,,,,42.0,MALE,UNKNOWN,UNKNOWN,NOT TRAPPED,,NON-MOTORIST,,,,,,CYCLIST,"WALKING, RUNNING OR CYCLING",CYCLIST,UNKNOWN,23.0,MALE,,,,
3020,12/03/2016 10:05:00 PM,Saturday,PASSENGER CAR,,295,MASSACHUSETTS AVE,,VILLAGE ST,"295 MASSACHUSETTS AVE
Cambridge, MA
(42.362132, -71.09821)",1.0,,"SIDESWIPE, SAME DIRECTION",UNKNOWN,,DARK - LIGHTED ROADWAY,CLEAR,,NO CONTROLS,,DRY,NOT AT INTERSECTION,"TWO-WAY, NOT DIVIDED",,,30,NON INTERSECTION,,,,,,,NORTHBOUND,,,,,,,,NONE,,,PAN,MA,PASSENGER CAR,N,,,TURNING RIGHT,2011.0,COLLISION WITH PEDALCYCLE,GL450,MERZ,1.0,,COLLISION WITH PEDALCYCLE,,,,RIGHT FRONT,,,N,NORTHBOUND,,,,,,,,,,,UNKNOWN,,,,,,,UNKNOWN,,NO,,,,,,,,,,,,,,,,,,,,,,,,,,,,,,,,,,,,,,,,,,,OPERATOR/DRIVER,,MASSACHUSETTS,"D, CLASS D VEHICLES",,,,,,,,MALE,,,,Y,NON-MOTORIST,,MASSACHUSETTS,"D, CLASS D VEHICLES",,,CYCLIST,"WALKING, RUNNING OR CYCLING",IN ROADWAY,UNKNOWN,,MALE,,,,
3034,09/21/2015 11:46:00 AM,Monday,"LIGHT TRUCK(VAN, MINI VAN, PICK-UP, SPORT UTILITY)",,512,MASSACHUSETTS AVE,,BROOKLINE AVE,"512 MASSACHUSETTS AVE
Cambridge, MA
(42.364216, -71.101735)",1.0,,"SIDESWIPE, SAME DIRECTION",ROADWAY,COLLISION WITH PEDALCYCLE,DAYLIGHT,CLEAR,,NO CONTROLS,,DRY,NOT AT INTERSECTION,"TWO-WAY, NOT DIVIDED",NO,NO,30,NON INTERSECTION,,,,,,,EASTBOUND,,,,,PHEONIX LANDING,,,NONE,OTHER,BICYCLE,PAN,MA,"LIGHT TRUCK(VAN, MINI VAN, PICK-UP, SPORT UTILITY)",N,,,PARKED,2008.0,COLLISION WITH PEDALCYCLE,ODYSSEE,HONDA,1.0,,COLLISION WITH PEDALCYCLE,,,,LEFT SIDE,,,N,,,,,,,,,,,,OTHER IMPROPER ACTION,,,,,,,NOT DISTRACTED,,,,,,,,,,,,,,,,,,,,,,,,,,,,,,,,,,,,,,,,,,,,,OCCUPANT/PASSENGER,,MASSACHUSETTS,"D, CLASS D VEHICLES",,,,,,,,MALE,"FRONT SEAT - LEFT SIDE, OR MOTORCYLE DRIVER",,,Y,NON-MOTORIST,NON FATAL INJURY - POSSIBLE,,,,,CYCLIST,"WALKING, RUNNING OR CYCLING",CYCLIST,NONE USED,,MALE,,,,
3069,11/10/2016 10:16:00 AM,Thursday,PASSENGER CAR,,,MASSACHUSETTS AVENUE,VASSAR STREET,,"MASSACHUSETTS AVENUE
Cambridge, MA",1.0,,"SIDESWIPE, SAME DIRECTION",ROADWAY,COLLISION WITH PEDALCYCLE,DAYLIGHT,CLEAR,,TRAFFIC CONTROL SIGNAL,YES,DRY,FOUR WAY INTERSECTION,"TWO-WAY, DIVIDED, UNPROTECTED MEDIAN",NO,NO,,INTERSECTION,MASSACHUSETTS AVENUE,SOUTHBOUND,VASSAR STREET,EASTBOUND,,,,,,,,,,,NONE,,,PAN,CT,PASSENGER CAR,N,,,TURNING RIGHT,2016.0,COLLISION WITH PEDALCYCLE,IMPALA LT,CHEVROLET,3.0,,COLLISION WITH PEDALCYCLE,,,,RIGHT FRONT,,,N,EASTBOUND,,,,,,,,,,,NO IMPROPER DRIVING,,,,,,,NOT DISTRACTED,,NO,,,,,,,,,,,,,,,,,,,,,,,,,,,,,,,,,,,,,,,,,,,OPERATOR/DRIVER,NO INJURY,NEW JERSEY,"D, CLASS D VEHICLES",,NONE,,,,,,MALE,"FRONT SEAT - LEFT SIDE, OR MOTORCYLE DRIVER",SHOULDER AND LAP BELT USED,NOT TRAPPED,,OCCUPANT/PASSENGER,NO INJURY,,,,,,,,,,FEMALE,FRONT SEAT - RIGHT SIDE,SHOULDER AND LAP BELT USED,NOT TRAPPED,
3113,11/04/2015 01:15:00 PM,Wednesday,PASSENGER CAR,,1775,MASS AVE,,,"1775 MASS AVE
Cambridge, MA
(42.385701, -71.119249)",1.0,,"SIDESWIPE, SAME DIRECTION",ROADWAY,COLLISION WITH PARKED MOTOR VEHICLE,DAYLIGHT,CLEAR,,NO CONTROLS,,DRY,NOT AT INTERSECTION,"TWO-WAY, DIVIDED, POSITIVE MEDIAN BARRIER",,,,NON INTERSECTION,,,,,,,,,,,,,,,,,,PAN,MA,PASSENGER CAR,N,,,PARKED,2016.0,COLLISION WITH PEDALCYCLE,GOLF,VOLK,0.0,,COLLISION WITH PEDALCYCLE,,,,LEFT REAR,,,N,,,,,,,,,,,,,,,,,,,,,,,,,,,,,,,,,,,,,,,,,,,,,,,,,,,,,,,,,,,,,,,,UNINVOLVED OWNER,,,,,,,,,,,FEMALE,,,,Y,NON-MOTORIST,NO INJURY,,,,,CYCLIST,"WALKING, RUNNING OR CYCLING",CYCLIST,UNKNOWN,,FEMALE,,,,
3127,07/13/2016 09:13:00 AM,Wednesday,PASSENGER CAR,OTHER,1960,MASSACHUSETTS AVENUE,,DAVENPORT STREET,"1960 MASSACHUSETTS AVENUE
Cambridge, MA
(42.389856, -71.120549)",1.0,,REAR-END,ROADWAY,COLLISION WITH PEDALCYCLE,DAYLIGHT,CLEAR,CLEAR,NO CONTROLS,,DRY,NOT AT INTERSECTION,"TWO-WAY, NOT DIVIDED",NO,NO,30,NON INTERSECTION,,,,,,,EASTBOUND,50 YARDS,EASTBOUND,,,,,,NONE,,,PAN,MA,PASSENGER CAR,N,,Y,TRAVELING STRAIGHT AHEAD,,,CIVIC,HONDA,1.0,,COLLISION WITH PEDALCYCLE,,,,,,,N,EASTBOUND,,,,,,,,,,,"OPERATING VEHICLE IN ERRATIC, RECKLESS, CARELESS,",,,,,,,,,NO,,,OTHER,N,,,TRAVELING STRAIGHT AHEAD,,COLLISION WITH MOTOR VEHICLE IN TRAFFIC,,TREK 820 MOUNTAIN BIKE,1.0,,COLLISION WITH MOTOR VEHICLE IN TRAFFIC,,,,,,,N,EASTBOUND,,,,,,,,,,,NO IMPROPER DRIVING,,,,,,,NOT DISTRACTED,,,NON-MOTORIST,NON FATAL INJURY - POSSIBLE,MASSACHUSETTS,,,,CYCLIST,OTHER,IN ROADWAY,HELMET,,MALE,,,,Y,,,,,,,,,,,,,,,,
3181,03/18/2017 01:26:00 PM,Saturday,"LIGHT TRUCK(VAN, MINI VAN, PICK-UP, SPORT UTILITY)",,,MASSACHUSETTS AVE,TEMPLE STREET,,"MASSACHUSETTS AVE
Cambridge, MA",1.0,,"SIDESWIPE, SAME DIRECTION",ROADWAY,COLLISION WITH PEDALCYCLE,DAYLIGHT,CLEAR,,NO CONTROLS,,DRY,T-INTERSECTION,"TWO-WAY, DIVIDED, UNPROTECTED MEDIAN",NO,NO,25,INTERSECTION,MASSACHUSETTS AVE,WESTBOUND,TEMPLE STREET,NORTHBOUND,,,,,,,,,,,NONE,,,PAN,MA,"LIGHT TRUCK(VAN, MINI VAN, PICK-UP, SPORT UTILITY)",N,,,TURNING RIGHT,2005.0,COLLISION WITH PEDALCYCLE,ODYSSEY,HONDA,2.0,,COLLISION WITH PEDALCYCLE,,,,RIGHT SIDE,,,N,WESTBOUND,,,,,,,,,,,FAILED TO YIELD THE RIGHT OF WAY,,,,,,,UNKNOWN,,,,,,,,,,,,,,,,,,,,,,,,,,,,,,,,,,,,,,,,,,,,,OPERATOR/DRIVER,NO INJURY,MASSACHUSETTS,"D, CLASS D VEHICLES",,,,,,,,MALE,"FRONT SEAT - LEFT SIDE, OR MOTORCYLE DRIVER",UNKNOWN,NOT TRAPPED,Y,OCCUPANT/PASSENGER,NO INJURY,,,,,,,,,,FEMALE,FRONT SEAT - RIGHT SIDE,UNKNOWN,NOT TRAPPED,