,Date Time,Day of Week,Object 1,Object 2,Street Number,Street Name,Cross Street,Near Street,Location,May involve cyclist,May Involve Pedestrian,Manner of Collision,First Harmful Event Location,First Harmful Event,Ambient Light,Weather Condition 1,Weather Condition 2,Traffic Control Device Type,Traffic Control Device Functionality,Road Surface Condition,Roadway Junction Type,Trafficway Description,School Bus Related,Work Zone,Speed Limit,Street or Intersection,Intersection Name 1,Intersection Direction 1,Intersection Name 2,Intersection Direction 2,Intersection Name 3,Intersection Direction 3,Street Direction,Nearest Intersection Distance,Nearest Intersection Direction,Landmark Distance,Landmark Direction,Landmark,Mile Marker Direction,Non Public Area,Road Contributing,Damaged Property Type,Description of Damaged Property,V1 Registration Type,v1 State Code,V1 Configuration,V1 Emergency Response,V1 Moped,V1 Hit and Run,V1 Action Prior to Crash,V1 Model Year,V1 Most Harmful Event,V1 Model,V1 Make,V1 Occupant Count,V1 Underride Override,V1 First Event,V1 Second Event,V1 Third Event,V1 Fourth Event,V1 Most Damaged Area,V1 Second Damaged Area,V1 Third Damaged Area,V1 Towed,V1 Travel Direction,V1 Interstate,V1 Cargo Body Type,V1 Gross Weight,V1 Haz Placard,V1 Haz Release,V1 Trailer Reg Type,V1 Trailer Reg Plate,V1 Trailer Reg State,V1 Trailer Reg Year,V1 Trailer Len,V1 Driver Contribution,V1 Driver Contribution 2,V1 Is Truck,V1 Has Trailer,V1 Is Bus,V1 Is Hazmat,V1 Reg Year,V1 Driver Distracted,V1 Bus Use,V1 Tow Use,V2 Registration Type,V2 State Code,V2 Configuration,V2 Emergency Response,V2 Moped,V2 Hit and Run,V2 Action Prior to Crash,V2 Model Year,V2 Most Harmful Event,V2 Model,V2 Make,V2 Occupant Count,V2 Underride Override,V2 First Event,V2 Second Event,V2 Third Event,V2 Fourth Event,V2 Most Damaged Area,V2 Second Damaged Area,V2 Third Damaged Area,V2 Towed,V2 Travel Direction,V2 Interstate,V2 Cargo Body Type,V2 Gross Weight,V2 Haz Placard,V2 Haz Release,V2 Trailer Reg Type,V2 Trailer Reg Plate,V2 Trailer Reg State,V2 Trailer Reg Year,V2 Trailer Len,V2 Driver Contribution,V2 Driver Contribution 2,V2 Is Truck,V2 Has Trailer,V2 Is Bus,V2 Is Hazmat,V2 Reg Year,V2 Driver Distracted,V2 Bus Use,V2 Tow Use,P1 Role,P1 Injury,P1 Drivers Lic State,P1 Drivers Lic Class 1,P1 Drivers Lic Class 2,P1 Drivers Lic Restrict,P1 Non Motorist Desc,P1 Non Motorist Action,P1 Non Motorist Location,P1 Safety Equipment,P1 Age,P1 Sex,P1 Seat Position,P1 Safety System,P1 Trapped,P1 Veh Owner,P2 Role,P2 Injury,P2 Drivers Lic State,P2 Drivers Lic Class 1,P2 Drivers Lic Class 2,P2 Drivers Lic Restrict,P2 Non Motorist Desc,P2 Non Motorist Action,P2 Non Motorist Location,P2 Safety Equipment,P2 Age,P2 Sex,P2 Seat Position,P2 Safety System,P2 Trapped,P2 Veh Owner
4444,09/05/2018 12:04:00 PM,Wednesday,"SINGLE UNIT TRUCK (2 AXLES, 6 TIRES)",,,MASSACHUSETTS AVE,PLEASANT ST,,"MASSACHUSETTS AVE
Cambridge, MA",1.0,,ANGLE,ROADWAY,COLLISION WITH PEDALCYCLE,DAYLIGHT,CLEAR,,NO CONTROLS,NO,DRY,T-INTERSECTION,"TWO-WAY, NOT DIVIDED",NO,NO,25,INTERSECTION,MASSACHUSETTS AVE,EASTBOUND,PLEASANT ST,SOUTHBOUND,,,,,,,,,,,NONE,,,APN,MA,"SINGLE UNIT TRUCK (2 AXLES, 6 TIRES)",N,,,TURNING RIGHT,2013.0,COLLISION WITH PEDALCYCLE,365,PETERBUILT,1.0,,COLLISION WITH PEDALCYCLE,,,,NONE,,,N,SOUTHBOUND,,,,,,,,,,,FAILED TO YIELD THE RIGHT OF WAY,INATTENTION,,,,,,UNKNOWN,,,,,,,,,,,,,,,,,,,,,,,,,,,,,,,,,,,,,,,,,,,,,UNINVOLVED OWNER,,,,,,,,,,,UNKNOWN,,,,Y,OPERATOR/DRIVER,NO INJURY,MASSACHUSETTS,"D, CLASS D VEHICLES",,NONE,,,,,,MALE,,,,
4457,07/03/2018 11:05:00 PM,Tuesday,PASSENGER CAR,,,MASS AVE,SIDNEY,,"MASS AVE
Cambridge, MA",1.0,,"SIDESWIPE, SAME DIRECTION",ROADWAY,COLLISION WITH PEDALCYCLE,DARK - LIGHTED ROADWAY,RAIN,,TRAFFIC CONTROL SIGNAL,YES,WET,FOUR WAY INTERSECTION,"TWO-WAY, NOT DIVIDED",NO,NO,20,INTERSECTION,MASS AVE,WESTBOUND,SIDNEY,NORTHBOUND,,,,,,,,,,,NONE,,,PAN,IL,PASSENGER CAR,N,,,TURNING RIGHT,2017.0,COLLISION WITH PEDALCYCLE,OX60,INFINITY,3.0,,COLLISION WITH PEDALCYCLE,,,,NONE,,,N,NORTHBOUND,,,,,,,,,,,NO IMPROPER DRIVING,,,,,,,UNKNOWN,,,,,,,,,,,,,,,,,,,,,,,,,,,,,,,,,,,,,,,,,,,,,OPERATOR/DRIVER,NO INJURY,MASSACHUSETTS,"D, CLASS D VEHICLES",,UNKNOWN,,,,,,FEMALE,"FRONT SEAT - LEFT SIDE, OR MOTORCYLE DRIVER",SHOULDER AND LAP BELT USED,NOT TRAPPED,Y,NON-MOTORIST,NON FATAL INJURY - NON INCAPACITATING,MASSACHUSETTS,,,,,,,,,MALE,,,,Y
4459,06/26/2019 06:07:00 PM,Wednesday,PASSENGER CAR,,,MASSACHUSETTS AVE,,LANDSDOWNE STREET,,1.0,,ANGLE,ROADWAY,COLLISION WITH PEDALCYCLE,DAYLIGHT,CLEAR,,TRAFFIC CONTROL SIGNAL,YES,DRY,NOT AT INTERSECTION,"TWO-WAY, NOT DIVIDED",NO,NO,25,NON INTERSECTION,,,,,,,SOUTHBOUND,,WESTBOUND,,,NOVARTIS,,,NONE,,,PAN,MA,PASSENGER CAR,N,,,TURNING LEFT,2002.0,COLLISION WITH PEDALCYCLE,ES,LEXUS,1.0,,COLLISION WITH PEDALCYCLE,,,,RIGHT FRONT,RIGHT SIDE,OTHER,N,WESTBOUND,,,,,,,,,,,FAILED TO YIELD THE RIGHT OF WAY,,,,,,,UNKNOWN,,YES OTHER REASON NOT DISABLED,,,,,,,,,,,,,,,,,,,,,,,,,,,,,,,,,,,,,,,,,,,OPERATOR/DRIVER,NO APPARENT INJURY,MASSACHUSETTS,"D, CLASS D VEHICLES",,UNKNOWN,,,,,,MALE,,,,Y,NON-MOTORIST,POSSIBLE INJURY,,,,,CYCLIST,ENTERING OR CROSSING SPECIFIED LOCATION,IN ROADWAY,HELMET,,FEMALE,,,,
4472,10/18/2018 06:38:00 PM,Thursday,PASSENGER CAR,,,MASSACHUSETTS AVE,,RUSSELL STREET,,1.0,,ANGLE,ROADSIDE,COLLISION WITH PEDALCYCLE,DUSK,CLEAR,,NO CONTROLS,,DRY,NOT AT INTERSECTION,"TWO-WAY, DIVIDED, POSITIVE MEDIAN BARRIER",NO,NO,25,NON INTERSECTION,,,,,,,NORTHBOUND,,EASTBOUND,,,,,,NONE,,,PAN,MA,PASSENGER CAR,N,,,TRAVELING STRAIGHT AHEAD,2012.0,COLLISION WITH PEDALCYCLE,SEDAN,TOYOTA,1.0,,COLLISION WITH PEDALCYCLE,,,,OTHER,RIGHT SIDE,,N,EASTBOUND,,,,,,,,,,,UNKNOWN,,,,,,,UNKNOWN,,NO,,,,,,,,,,,,,,,,,,,,,,,,,,,,,,,,,,,,,,,,,,,OPERATOR/DRIVER,NO INJURY,WISCONSIN,"D, CLASS D VEHICLES",,UNKNOWN,,,,,,FEMALE,,,,,NON-MOTORIST,NO INJURY,MASSACHUSETTS,"D, CLASS D VEHICLES",,UNKNOWN,CYCLIST,"WALKING, RUNNING OR CYCLING",SHOULDER,HELMET,,MALE,,,,
4502,04/06/2018 10:07:00 AM,Friday,PASSENGER CAR,,1712,MASS AVE,,MARTIN STREET,"1712 MASS AVE
Cambridge, MA
(42.383537, -71.119598)",1.0,,SINGLE VEHICLE CRASH,ROADWAY,COLLISION WITH PEDALCYCLE,DAYLIGHT,CLEAR,,NO CONTROLS,,DRY,NOT AT INTERSECTION,"TWO-WAY, DIVIDED, POSITIVE MEDIAN BARRIER",NO,NO,0,NON INTERSECTION,,,,,,,EASTBOUND,,,,,,,,NONE,,,PAN,MA,PASSENGER CAR,N,,,PARKED,2009.0,COLLISION WITH PEDALCYCLE,ALTIMA,NISSAN,1.0,,COLLISION WITH PEDALCYCLE,,,,LEFT SIDE,,,N,EASTBOUND,,,,,,,,,,,OTHER IMPROPER ACTION,,,,,,,UNKNOWN,,,,,,,,,,,,,,,,,,,,,,,,,,,,,,,,,,,,,,,,,,,,,OPERATOR/DRIVER,NO INJURY,MASSACHUSETTS,"D, CLASS D VEHICLES",,NONE,,,,,,MALE,"FRONT SEAT - LEFT SIDE, OR MOTORCYLE DRIVER",UNKNOWN,NOT TRAPPED,Y,NON-MOTORIST,NO INJURY,,,,,CYCLIST,"WALKING, RUNNING OR CYCLING",IN ROADWAY,UNKNOWN,,FEMALE,,,,
4508,08/01/2017 04:12:00 PM,Tuesday,PASSENGER CAR,,505,MASSACHUSETTS AVE,,BROOKLINE STREET,"505 MASSACHUSETTS AVE
Cambridge, MA
(42.364179, -71.101672)",1.0,,ANGLE,ROADSIDE,COLLISION WITH PEDALCYCLE,DAYLIGHT,CLEAR,,NO CONTROLS,NO,DRY,NOT AT INTERSECTION,"TWO-WAY, NOT DIVIDED",NO,NO,25,NON INTERSECTION,,,,,,,NORTHBOUND,,EASTBOUND,,,,,,NONE,OTHER,BICYCLE,PAN,MA,PASSENGER CAR,N,,,CHANGING LANES,2006.0,COLLISION WITH PEDALCYCLE,G35,INFINITY,2.0,,COLLISION WITH PEDALCYCLE,,,,NONE,,,N,NORTHBOUND,,,,,,,,,,,DISTRACTED,,,,,,,OTHER ACTIVITY,,,,,,,,,,,,,,,,,,,,,,,,,,,,,,,,,,,,,,,,,,,,,OPERATOR/DRIVER,NO INJURY,MASSACHUSETTS,"D, CLASS D VEHICLES",,NONE,,,,,,MALE,,,,Y,NON-MOTORIST,NON FATAL INJURY - POSSIBLE,,,,,CYCLIST,"WALKING, RUNNING OR CYCLING",SHOULDER,UNKNOWN,,MALE,,,,
4509,08/07/2018 10:41:00 AM,Tuesday,PASSENGER CAR,,1374,MASS AVE,,MASS AVE,"1374 MASS AVE
Cambridge, MA
(42.373392, -71.118676)",1.0,,"SIDESWIPE, SAME DIRECTION",ROADWAY,COLLISION WITH PEDALCYCLE,DAYLIGHT,CLEAR,CLEAR,NO CONTROLS,YES,DRY,NOT AT INTERSECTION,"TWO-WAY, DIVIDED, UNPROTECTED MEDIAN",NO,NO,25,NON INTERSECTION,,,,,,,NORTHBOUND,,NORTHBOUND,,NORTHBOUND,OUT OF TOWN NEWS,NORTHBOUND,,NONE,,,PAN,MA,PASSENGER CAR,N,,Y,TRAVELING STRAIGHT AHEAD,2014.0,COLLISION WITH PEDALCYCLE,CAM,TOY,2.0,,COLLISION WITH PEDALCYCLE,COLLISION WITH OTHER MOVABLE OBJECT,,,NONE,,,N,NORTHBOUND,,,,,,,,,,,OTHER IMPROPER ACTION,"DISREGARDED TRAFFIC SIGNS, SIGNALS, ROAD MARKINGS",,,,,,PASSENGER,,,,,,,,,,,,,,,,,,,,,,,,,,,,,,,,,,,,,,,,,,,,,NON-MOTORIST,NON FATAL INJURY - POSSIBLE,NEW HAMPSHIRE,,,,CYCLIST,"WALKING, RUNNING OR CYCLING",IN ROADWAY,HELMET,,MALE,,,,,UNINVOLVED OWNER,,,,,,,,,,,MALE,,,,Y
4525,09/12/2017 07:30:00 PM,Tuesday,"LIGHT TRUCK(VAN, MINI VAN, PICK-UP, SPORT UTILITY)",,,ALBANY ST,MASSACHUSETTS AVE,,"ALBANY ST
Cambridge, MA",1.0,,ANGLE,ROADWAY,COLLISION WITH MOTOR VEHICLE IN TRAFFIC,DARK - LIGHTED ROADWAY,CLEAR,,TRAFFIC CONTROL SIGNAL,YES,DRY,FOUR WAY INTERSECTION,"TWO-WAY, NOT DIVIDED",NO,NO,25,INTERSECTION,ALBANY ST,NORTHBOUND,MASSACHUSETTS AVE,EASTBOUND,,,,,,,,,,,NONE,,,PAN,MA,"LIGHT TRUCK(VAN, MINI VAN, PICK-UP, SPORT UTILITY)",N,,,TURNING LEFT,2014.0,COLLISION WITH PEDALCYCLE,ESCALADE,CADILLAC,2.0,,COLLISION WITH PEDALCYCLE,,,,RIGHT REAR,,,N,SOUTHBOUND,,,,,,,,,,,NO IMPROPER DRIVING,,,,,,,NOT DISTRACTED,,,,,,,,,,,,,,,,,,,,,,,,,,,,,,,,,,,,,,,,,,,,,OPERATOR/DRIVER,NO INJURY,MASSACHUSETTS,"D, CLASS D VEHICLES",,CORRECTIVE LENSES,,,,,,MALE,"FRONT SEAT - LEFT SIDE, OR MOTORCYLE DRIVER",UNKNOWN,NOT TRAPPED,Y,WITNESS,,,,,,,,,,,FEMALE,,,,
4575,08/07/2017 10:30:00 PM,Monday,PASSENGER CAR,,,MASSACHUSETTS AVE,TROWBRIDGE STREET,,"MASSACHUSETTS AVE
Cambridge, MA",1.0,,"SIDESWIPE, SAME DIRECTION",ROADWAY,COLLISION WITH PEDALCYCLE,DARK - LIGHTED ROADWAY,RAIN,CLOUDY,TRAFFIC CONTROL SIGNAL,YES,WET,T-INTERSECTION,"TWO-WAY, DIVIDED, UNPROTECTED MEDIAN",NO,NO,25,INTERSECTION,MASSACHUSETTS AVE,NORTHBOUND,TROWBRIDGE STREET,EASTBOUND,,,,,,,,,,,NONE,,,PAN,MA,PASSENGER CAR,N,,,TURNING RIGHT,2008.0,COLLISION WITH PEDALCYCLE,FUSION,FORD,1.0,,COLLISION WITH PEDALCYCLE,,,,NONE,,,N,NORTHBOUND,,,,,,,,,,,NO IMPROPER DRIVING,,,,,,,NOT DISTRACTED,,NO,,,,,,,,,,,,,,,,,,,,,,,,,,,,,,,,,,,,,,,,,,,OPERATOR/DRIVER,NO INJURY,MASSACHUSETTS,"D, CLASS D VEHICLES",,CORRECTIVE LENSES,,,,,,FEMALE,"FRONT SEAT - LEFT SIDE, OR MOTORCYLE DRIVER",UNKNOWN,NOT TRAPPED,Y,NON-MOTORIST,NON FATAL INJURY - NON INCAPACITATING,,,,,CYCLIST,,,,,MALE,,,,
4598,06/13/2019 08:59:00 AM,Thursday,"SINGLE UNIT TRUCK (2 AXLES, 6 TIRES)",,,MASS AVE,AMHERST ST,,"MASS AVE
Cambridge, MA",1.0,,ANGLE,ROADWAY,COLLISION WITH PEDALCYCLE,DAYLIGHT,RAIN,,TRAFFIC CONTROL SIGNAL,YES,WET,T-INTERSECTION,"TWO-WAY, NOT DIVIDED",NO,NO,25,INTERSECTION,MASS AVE,SOUTHBOUND,AMHERST ST,WESTBOUND,,,,,,,,,,,NONE,,,CON,MA,"SINGLE UNIT TRUCK (2 AXLES, 6 TIRES)",N,,,TURNING RIGHT,2016.0,COLLISION WITH PEDALCYCLE,M2,FREIGHTLINER,1.0,,COLLISION WITH PEDALCYCLE,,,,NONE,,,N,WESTBOUND,,,,,,,,,,,NO IMPROPER DRIVING,,,,,,,UNKNOWN,,,,,,,,,,,,,,,,,,,,,,,,,,,,,,,,,,,,,,,,,,,,,OPERATOR/DRIVER,NO APPARENT INJURY,MASSACHUSETTS,"B, CLASS B VEHICLES",,NONE,,,,,,MALE,"FRONT SEAT - LEFT SIDE, OR MOTORCYLE DRIVER",UNKNOWN,NOT TRAPPED,,NON-MOTORIST,NO APPARENT INJURY,,"D, CLASS D VEHICLES",,UNKNOWN,CYCLIST,"WALKING, RUNNING OR CYCLING",AT INTERSECTION BUT NO CROSSWALK,NONE USED,,MALE,,,,
4608,10/04/2017 05:16:00 PM,Wednesday,"LIGHT TRUCK(VAN, MINI VAN, PICK-UP, SPORT UTILITY)",,,MASS AVE,LINNAEAN STREET,,"MASS AVE
Cambridge, MA",1.0,,"SIDESWIPE, SAME DIRECTION",ROADWAY,COLLISION WITH PEDALCYCLE,DAYLIGHT,CLEAR,,TRAFFIC CONTROL SIGNAL,YES,DRY,FOUR WAY INTERSECTION,"TWO-WAY, DIVIDED, POSITIVE MEDIAN BARRIER",NO,NO,30,INTERSECTION,MASS AVE,WESTBOUND,LINNAEAN STREET,SOUTHBOUND,,,,,,,,,,,UNKNOWN,,,UNKNOWN,,"LIGHT TRUCK(VAN, MINI VAN, PICK-UP, SPORT UTILITY)",N,,Y,CHANGING LANES,,COLLISION WITH PEDALCYCLE,VAN,UNKNOWN,1.0,,COLLISION WITH PEDALCYCLE,,,,UNKNOWN,,,N,WESTBOUND,,,,,,,,,,,UNKNOWN,,,,,,,UNKNOWN,,,,,,,,,,,,,,,,,,,,,,,,,,,,,,,,,,,,,,,,,,,,,NON-MOTORIST,NON FATAL INJURY - POSSIBLE,,,,,CYCLIST,"WALKING, RUNNING OR CYCLING",,HELMET,14.0,MALE,,,,,,,,,,,,,,,,,,,,
4633,07/23/2017 11:25:00 AM,Sunday,PASSENGER CAR,,1735,MASSACHUSETTS AVE,,GARFIELD ST,"1735 MASSACHUSETTS AVE
Cambridge, MA
(42.384344, -71.119395)",1.0,,"SIDESWIPE, SAME DIRECTION",ROADWAY,COLLISION WITH PEDALCYCLE,DAYLIGHT,CLEAR,,NO CONTROLS,,DRY,NOT AT INTERSECTION,"TWO-WAY, NOT DIVIDED",NO,NO,20,NON INTERSECTION,,,,,,,NORTHBOUND,,NORTHBOUND,,,,,,NONE,,,PAN,MA,PASSENGER CAR,N,,,TURNING RIGHT,2015.0,COLLISION WITH PEDALCYCLE,TLX,ACUR,2.0,,COLLISION WITH PEDALCYCLE,,,,RIGHT FRONT,,,N,NORTHBOUND,,,,,,,,,,,UNKNOWN,,,,,,,UNKNOWN,,NO,,,,,,,,,,,,,,,,,,,,,,,,,,,,,,,,,,,,,,,,,,,OPERATOR/DRIVER,NO INJURY,MASSACHUSETTS,"D, CLASS D VEHICLES",,CORRECTIVE LENSES,,,,,,FEMALE,,,,Y,NON-MOTORIST,UNKNOWN,MASSACHUSETTS,,,,CYCLIST,"WALKING, RUNNING OR CYCLING",SHOULDER,HELMET,,FEMALE,,,,
4634,04/26/2018 09:48:00 AM,Thursday,"LIGHT TRUCK(VAN, MINI VAN, PICK-UP, SPORT UTILITY)",,,VASSAR STREET,MASS AVE,,"VASSAR STREET
Cambridge, MA",1.0,,ANGLE,ROADWAY,COLLISION WITH PEDALCYCLE,DAYLIGHT,CLOUDY,RAIN,TRAFFIC CONTROL SIGNAL,YES,WET,FOUR WAY INTERSECTION,"TWO-WAY, NOT DIVIDED",NO,NO,25,INTERSECTION,VASSAR STREET,NORTHBOUND,MASS AVE,EASTBOUND,,,,,,,,,,,NONE,,,CON,MA,"LIGHT TRUCK(VAN, MINI VAN, PICK-UP, SPORT UTILITY)",N,,,TURNING RIGHT,2006.0,COLLISION WITH PEDALCYCLE,EXPVAN,CHEV,1.0,,COLLISION WITH PEDALCYCLE,,,,NONE,,,N,EASTBOUND,,,,,,,,,,,FAILED TO YIELD THE RIGHT OF WAY,,,,,,,UNKNOWN,,,,,,,,,,,,,,,,,,,,,,,,,,,,,,,,,,,,,,,,,,,,,OPERATOR/DRIVER,NO INJURY,MASSACHUSETTS,"D, CLASS D VEHICLES",,NONE,,,,,,MALE,"FRONT SEAT - LEFT SIDE, OR MOTORCYLE DRIVER",UNKNOWN,NOT TRAPPED,,NON-MOTORIST,NON FATAL INJURY - NON INCAPACITATING,,,,,CYCLIST,"WALKING, RUNNING OR CYCLING",,,,MALE,,,,
4725,09/22/2017 11:00:00 AM,Friday,"LIGHT TRUCK(VAN, MINI VAN, PICK-UP, SPORT UTILITY)","LIGHT TRUCK(VAN, MINI VAN, PICK-UP, SPORT UTILITY)",77,MASS AVE,,,"77 MASS AVE
Cambridge, MA
(42.358969, -71.093527)",1.0,,UNKNOWN,ROADWAY,COLLISION WITH PEDALCYCLE,DAYLIGHT,CLOUDY,,TRAFFIC CONTROL SIGNAL,YES,OTHER,NOT AT INTERSECTION,"TWO-WAY, NOT DIVIDED",NO,NO,25,NON INTERSECTION,,,,,,,WESTBOUND,,,,,,,,OTHER,,,PAS,NY,"LIGHT TRUCK(VAN, MINI VAN, PICK-UP, SPORT UTILITY)",N,,,ENTERING TRAFFIC LANE,2016.0,OTHER,UNKNOWN,MERCEDES,1.0,,OTHER,,,,NONE,,,N,WESTBOUND,,,,,,,,,,,UNKNOWN,,,,,,,UNKNOWN,,,PAN,MA,"LIGHT TRUCK(VAN, MINI VAN, PICK-UP, SPORT UTILITY)",N,,,TRAVELING STRAIGHT AHEAD,2011,COLLISION WITH PEDALCYCLE,TACOMA,TOYT,1.0,,COLLISION WITH PEDALCYCLE,,,,NONE,,,N,WESTBOUND,,,,,,,,,,,UNKNOWN,,,,,,,UNKNOWN,,,OPERATOR/DRIVER,NO INJURY,NEW YORK,UNKNOWN,,UNKNOWN,,,,,,FEMALE,"FRONT SEAT - LEFT SIDE, OR MOTORCYLE DRIVER",UNKNOWN,NOT TRAPPED,,UNINVOLVED OWNER,,,,,,,,,,,UNKNOWN,,,,Y
4729,10/11/2017 08:00:00 PM,Wednesday,PASSENGER CAR,,1967,MASSACHUSETTS AVENUE,,,"1967 MASSACHUSETTS AVENUE
Cambridge, MA
(42.389992, -71.12055)",1.0,,SINGLE VEHICLE CRASH,ROADSIDE,COLLISION WITH PEDALCYCLE,DARK - LIGHTED ROADWAY,UNKNOWN,,NO CONTROLS,YES,UNKNOWN,NOT AT INTERSECTION,"TWO-WAY, DIVIDED, POSITIVE MEDIAN BARRIER",NO,NO,25,NON INTERSECTION,,,,,,,NORTHBOUND,,,,,,,,NONE,,,PAN,MA,PASSENGER CAR,N,,,PARKED,2011.0,COLLISION WITH PEDALCYCLE,SORENTO,KIA,1.0,,COLLISION WITH PEDALCYCLE,,,,LEFT SIDE,,,N,NORTHBOUND,,,,,,,,,,,INATTENTION,,,,,,,,,,,,,,,,,,,,,,,,,,,,,,,,,,,,,,,,,,,,,,,,,,,,NON-MOTORIST,NON FATAL INJURY - NON INCAPACITATING,,,,,CYCLIST,"WALKING, RUNNING OR CYCLING",SHARED-USE PATH OR TRAILS,UNKNOWN,,MALE,,,,,UNINVOLVED OWNER,NO INJURY,MASSACHUSETTS,"D, CLASS D VEHICLES",,UNKNOWN,,,,,,MALE,,,,Y
4761,07/12/2017 05:37:00 PM,Wednesday,"LIGHT TRUCK(VAN, MINI VAN, PICK-UP, SPORT UTILITY)",,,MASSACHUSETTS AVE,,VASSAR STREET,,1.0,,ANGLE,ROADWAY,COLLISION WITH PEDALCYCLE,DAYLIGHT,CLOUDY,,TRAFFIC CONTROL SIGNAL,YES,DRY,NOT AT INTERSECTION,"TWO-WAY, NOT DIVIDED",NO,NO,25,NON INTERSECTION,,,,,,,NORTHBOUND,,EASTBOUND,,,,,,NONE,OTHER,BICYCLE,PAN,MA,"LIGHT TRUCK(VAN, MINI VAN, PICK-UP, SPORT UTILITY)",N,,,TURNING RIGHT,2010.0,COLLISION WITH PEDALCYCLE,CRV,HONDA,2.0,,COLLISION WITH PEDALCYCLE,,,,CENTER FRONT,OTHER,,N,EASTBOUND,,,,,,,,,,,NO IMPROPER DRIVING,,,,,,,NOT DISTRACTED,,NO,,,,,,,,,,,,,,,,,,,,,,,,,,,,,,,,,,,,,,,,,,,OPERATOR/DRIVER,NO INJURY,MASSACHUSETTS,"D, CLASS D VEHICLES",,NONE,,,,,,FEMALE,,,,Y,NON-MOTORIST,NO INJURY,MASSACHUSETTS,"D, CLASS D VEHICLES",,NONE,CYCLIST,ENTERING OR CROSSING SPECIFIED LOCATION,NON-INTERSECTION CROSSWALK,HELMET,,FEMALE,,,,
4781,09/18/2019 03:40:00 PM,Wednesday,"LIGHT TRUCK(VAN, MINI VAN, PICK-UP, SPORT UTILITY)",,,MASSACHUSETTS AVENUE,RUSSELL STREET,,"MASSACHUSETTS AVENUE
Cambridge, MA",1.0,,"SIDESWIPE, SAME DIRECTION",ROADWAY,COLLISION WITH PEDALCYCLE,DAYLIGHT,CLEAR,CLEAR,NO CONTROLS,NO,DRY,T-INTERSECTION,"TWO-WAY, DIVIDED, UNPROTECTED MEDIAN",NO,NO,25,INTERSECTION,MASSACHUSETTS AVENUE,NORTHBOUND,RUSSELL STREET,WESTBOUND,,,NORTHBOUND,,,,,,,,NONE,OTHER,PURPLE BICYCLE,PAN,MA,"LIGHT TRUCK(VAN, MINI VAN, PICK-UP, SPORT UTILITY)",N,,,PARKED,2005.0,COLLISION WITH PEDALCYCLE,TOWN COUNTRY,CHRYSLER,1.0,,COLLISION WITH PEDALCYCLE,,,,LEFT SIDE,,,N,NORTHBOUND,,,,,,,,,,,OTHER IMPROPER ACTION,,,,,,,,,NO,,,,,,,,,,,,,,,,,,,,,,,,,,,,,,,,,,,,,,,,,,,OPERATOR/DRIVER,NO APPARENT INJURY,MASSACHUSETTS,"D, CLASS D VEHICLES",,NONE,,,,,,MALE,"FRONT SEAT - LEFT SIDE, OR MOTORCYLE DRIVER",UNKNOWN,NOT TRAPPED,Y,NON-MOTORIST,SUSPECTED MINOR INJURY,,,,,CYCLIST,"WALKING, RUNNING OR CYCLING",IN ROADWAY,NONE USED,,FEMALE,,,,
4820,11/22/2017 06:17:00 PM,Wednesday,PASSENGER CAR,,589,MASSACHUSETTS AVE,,ESSEX STREET,"589 MASSACHUSETTS AVE
Cambridge, MA
(42.36497, -71.102992)",1.0,,ANGLE,ROADWAY,COLLISION WITH PEDALCYCLE,DUSK,CLOUDY,RAIN,TRAFFIC CONTROL SIGNAL,YES,WET,NOT AT INTERSECTION,"TWO-WAY, NOT DIVIDED",NO,NO,25,NON INTERSECTION,,,,,,,NORTHBOUND,,EASTBOUND,,,CAFE NERO,,,NONE,,,PAN,MA,PASSENGER CAR,N,,,SLOWING OR STOPPED IN TRAFFIC,2010.0,COLLISION WITH PEDALCYCLE,ACCORD,HONDA,2.0,,COLLISION WITH PEDALCYCLE,,,,NONE,,,N,NORTHBOUND,,,,,,,,,,,UNKNOWN,,,,,,,UNKNOWN,,NO,,,,,,,,,,,,,,,,,,,,,,,,,,,,,,,,,,,,,,,,,,,OPERATOR/DRIVER,NO INJURY,MASSACHUSETTS,"D, CLASS D VEHICLES",,NONE,,,,,,FEMALE,,,,Y,NON-MOTORIST,NON FATAL INJURY - POSSIBLE,,,,,CYCLIST,,,REFLECTIVE CLOTHING,,MALE,,,,