,Date Time,Day of Week,Object 1,Object 2,Street Number,Street Name,Cross Street,Near Street,Location,May involve cyclist,May Involve Pedestrian,Manner of Collision,First Harmful Event Location,First Harmful Event,Ambient Light,Weather Condition 1,Weather Condition 2,Traffic Control Device Type,Traffic Control Device Functionality,Road Surface Condition,Roadway Junction Type,Trafficway Description,School Bus Related,Work Zone,Speed Limit,Street or Intersection,Intersection Name 1,Intersection Direction 1,Intersection Name 2,Intersection Direction 2,Intersection Name 3,Intersection Direction 3,Street Direction,Nearest Intersection Distance,Nearest Intersection Direction,Landmark Distance,Landmark Direction,Landmark,Mile Marker Direction,Non Public Area,Road Contributing,Damaged Property Type,Description of Damaged Property,V1 Registration Type,v1 State Code,V1 Configuration,V1 Emergency Response,V1 Moped,V1 Hit and Run,V1 Action Prior to Crash,V1 Model Year,V1 Most Harmful Event,V1 Model,V1 Make,V1 Occupant Count,V1 Underride Override,V1 First Event,V1 Second Event,V1 Third Event,V1 Fourth Event,V1 Most Damaged Area,V1 Second Damaged Area,V1 Third Damaged Area,V1 Towed,V1 Travel Direction,V1 Interstate,V1 Cargo Body Type,V1 Gross Weight,V1 Haz Placard,V1 Haz Release,V1 Trailer Reg Type,V1 Trailer Reg Plate,V1 Trailer Reg State,V1 Trailer Reg Year,V1 Trailer Len,V1 Driver Contribution,V1 Driver Contribution 2,V1 Is Truck,V1 Has Trailer,V1 Is Bus,V1 Is Hazmat,V1 Reg Year,V1 Driver Distracted,V1 Bus Use,V1 Tow Use,V2 Registration Type,V2 State Code,V2 Configuration,V2 Emergency Response,V2 Moped,V2 Hit and Run,V2 Action Prior to Crash,V2 Model Year,V2 Most Harmful Event,V2 Model,V2 Make,V2 Occupant Count,V2 Underride Override,V2 First Event,V2 Second Event,V2 Third Event,V2 Fourth Event,V2 Most Damaged Area,V2 Second Damaged Area,V2 Third Damaged Area,V2 Towed,V2 Travel Direction,V2 Interstate,V2 Cargo Body Type,V2 Gross Weight,V2 Haz Placard,V2 Haz Release,V2 Trailer Reg Type,V2 Trailer Reg Plate,V2 Trailer Reg State,V2 Trailer Reg Year,V2 Trailer Len,V2 Driver Contribution,V2 Driver Contribution 2,V2 Is Truck,V2 Has Trailer,V2 Is Bus,V2 Is Hazmat,V2 Reg Year,V2 Driver Distracted,V2 Bus Use,V2 Tow Use,P1 Role,P1 Injury,P1 Drivers Lic State,P1 Drivers Lic Class 1,P1 Drivers Lic Class 2,P1 Drivers Lic Restrict,P1 Non Motorist Desc,P1 Non Motorist Action,P1 Non Motorist Location,P1 Safety Equipment,P1 Age,P1 Sex,P1 Seat Position,P1 Safety System,P1 Trapped,P1 Veh Owner,P2 Role,P2 Injury,P2 Drivers Lic State,P2 Drivers Lic Class 1,P2 Drivers Lic Class 2,P2 Drivers Lic Restrict,P2 Non Motorist Desc,P2 Non Motorist Action,P2 Non Motorist Location,P2 Safety Equipment,P2 Age,P2 Sex,P2 Seat Position,P2 Safety System,P2 Trapped,P2 Veh Owner
7387,08/18/2020 09:42:00 AM,Tuesday,TRACTOR / SEMI-TRIALER,,1401,MASSACHUSETTS AVENUE,,DUNSTER ST,"1401 MASSACHUSETTS AVENUE
Cambridge, MA
(42.373976, -71.118878)",1.0,,"SIDESWIPE, SAME DIRECTION",ROADWAY,COLLISION WITH PEDALCYCLE,DAYLIGHT,CLEAR,,TRAFFIC CONTROL SIGNAL,YES,DRY,NOT AT INTERSECTION,"ONE-WAY, NOT DIVIDED",NO,NO,25,NON INTERSECTION,,,,,,,NORTHBOUND,,SOUTHBOUND,,,HARVARD SQUARE PIT,,,NONE,,,APN,NM,TRACTOR / SEMI-TRIALER,N,,,TRAVELING STRAIGHT AHEAD,2001.0,COLLISION WITH PEDALCYCLE,TT,KENWOOD,1.0,,COLLISION WITH PEDALCYCLE,,,,NONE,,,Y,NORTHBOUND,,,,,,TRL,6672FTG,NEW MEXICO,2005,,UNKNOWN,,,Y,,,,UNKNOWN,,YES OTHER REASON NOT DISABLED,,,,,,,,,,,,,,,,,,,,,,,,,,,,,,,,,,,,,,,,,,,OPERATOR/DRIVER,UNKNOWN,NEW MEXICO,"A, CLASS A VEHICLES",,NONE,,,,,,MALE,"FRONT SEAT - LEFT SIDE, OR MOTORCYLE DRIVER",UNKNOWN,NOT TRAPPED,Y,NON-MOTORIST,FATAL INJURY,MASSACHUSETTS,"D, CLASS D VEHICLES",,NONE,CYCLIST,"WALKING, RUNNING OR CYCLING",IN ROADWAY,UNKNOWN,,MALE,,,,
7394,01/17/2020 08:01:00 PM,Friday,PASSENGER CAR,,,MASSACHUSETTS AVE,,HANCOCK STREET,,1.0,,ANGLE,ROADWAY,COLLISION WITH PEDALCYCLE,DUSK,CLOUDY,,TRAFFIC CONTROL SIGNAL,YES,DRY,NOT AT INTERSECTION,"TWO-WAY, NOT DIVIDED",NO,NO,25,NON INTERSECTION,,,,,,,NORTHBOUND,,EASTBOUND,,,,,,NONE,,,PAN,MB,PASSENGER CAR,N,,Y,TURNING LEFT,1995.0,COLLISION WITH PEDALCYCLE,CIVIC,HONDA,1.0,,COLLISION WITH PEDALCYCLE,,,,UNKNOWN,,,N,EASTBOUND,,,,,,,,,,,UNKNOWN,,,,,,,UNKNOWN,,NO,,,,,,,,,,,,,,,,,,,,,,,,,,,,,,,,,,,,,,,,,,,NON-MOTORIST,NO APPARENT INJURY,MASSACHUSETTS,"D, CLASS D VEHICLES",,UNKNOWN,CYCLIST,"WALKING, RUNNING OR CYCLING",SHOULDER,HELMET,,FEMALE,,,,,WITNESS,,,,,,,,,,,MALE,,,,
7508,10/29/2021 11:51:00 AM,Friday,PASSENGER CAR,,1945,MASSACHUSETTS AVE,,ALLEN STREET,"1945 MASSACHUSETTS AVE
Cambridge, MA
(42.389635, -71.120174)",1.0,,HEAD ON,ROADWAY,COLLISION WITH PEDALCYCLE,DAYLIGHT,CLEAR,,NO CONTROLS,NO,DRY,NOT AT INTERSECTION,"TWO-WAY, NOT DIVIDED",NO,NO,20,NON INTERSECTION,,,,,,,WESTBOUND,,,,,,,,NONE,,,PAN,MA,PASSENGER CAR,N,,,PARKED,2020.0,COLLISION WITH PEDALCYCLE,RAV4,TOYT,1.0,,COLLISION WITH PEDALCYCLE,,,,NONE,,,N,WESTBOUND,,,,,,,,,,,UNKNOWN,,,,,,,UNKNOWN,,NO,,,,,,,,,,,,,,,,,,,,,,,,,,,,,,,,,,,,,,,,,,,OPERATOR/DRIVER,NO APPARENT INJURY,MASSACHUSETTS,"D, CLASS D VEHICLES",,NONE,,,,,,FEMALE,,,,Y,NON-MOTORIST,SUSPECTED MINOR INJURY,MASSACHUSETTS,"D, CLASS D VEHICLES",,NONE,,,,,,FEMALE,,,,
7515,01/06/2021 12:08:00 PM,Wednesday,"LIGHT TRUCK(VAN, MINI VAN, PICK-UP, SPORT UTILITY)",,,ALBANY ST,MASSACHUSETTS AVE,,"ALBANY ST
Cambridge, MA",1.0,,ANGLE,ROADWAY,COLLISION WITH PEDALCYCLE,DAYLIGHT,CLEAR,,TRAFFIC CONTROL SIGNAL,YES,DRY,FOUR WAY INTERSECTION,"TWO-WAY, NOT DIVIDED",NO,NO,25,INTERSECTION,ALBANY ST,NORTHBOUND,MASSACHUSETTS AVE,EASTBOUND,,,,,,,,,,,NONE,,,PAN,NH,"LIGHT TRUCK(VAN, MINI VAN, PICK-UP, SPORT UTILITY)",N,,,TURNING LEFT,2019.0,COLLISION WITH PEDALCYCLE,SIERRA,GMC,1.0,,COLLISION WITH PEDALCYCLE,,,,REAR CENTER,,,N,EASTBOUND,,,,,,,,,,,FAILED TO YIELD THE RIGHT OF WAY,INATTENTION,,,,,,UNKNOWN,,,,,,,,,,,,,,,,,,,,,,,,,,,,,,,,,,,,,,,,,,,,,OPERATOR/DRIVER,NO APPARENT INJURY,MASSACHUSETTS,"D, CLASS D VEHICLES",,NONE,,,,,,MALE,"FRONT SEAT - LEFT SIDE, OR MOTORCYLE DRIVER",UNKNOWN,NOT TRAPPED,,UNINVOLVED OWNER,,,,,,,,,,,,,,,Y
7538,09/24/2021 06:00:00 PM,Friday,PASSENGER CAR,,,MASS AVE,BEECH STREET,,"MASS AVE
Cambridge, MA",1.0,,"SIDESWIPE, SAME DIRECTION",UNKNOWN,COLLISION WITH PEDALCYCLE,UNKNOWN,UNKNOWN,,TRAFFIC CONTROL SIGNAL,YES,UNKNOWN,T-INTERSECTION,"TWO-WAY, DIVIDED, POSITIVE MEDIAN BARRIER",NO,NO,25,INTERSECTION,MASS AVE,WESTBOUND,BEECH STREET,SOUTHBOUND,,,,,,,,,,,UNKNOWN,,,UNKOWN,,PASSENGER CAR,N,,Y,TRAVELING STRAIGHT AHEAD,,UNKNOWN,UNK,UNK,1.0,,COLLISION WITH PEDALCYCLE,,,,UNKNOWN,,,N,WESTBOUND,,,,,,,,,,,UNKNOWN,,,,,,,UNKNOWN,,,,,,,,,,,,,,,,,,,,,,,,,,,,,,,,,,,,,,,,,,,,,NON-MOTORIST,SUSPECTED SERIOUS INJURY,,,,,CYCLIST,"WALKING, RUNNING OR CYCLING",IN ROADWAY,UNKNOWN,,MALE,,,,,,,,,,,,,,,,,,,,
7562,12/29/2021 05:00:00 PM,Wednesday,"LIGHT TRUCK(VAN, MINI VAN, PICK-UP, SPORT UTILITY)",,,MASSACHUSETTS AVE,DANA STREET,,"MASSACHUSETTS AVE
Cambridge, MA",1.0,,ANGLE,ROADWAY,COLLISION WITH PEDALCYCLE,DARK - LIGHTED ROADWAY,CLOUDY,,STOP SIGNS,YES,DRY,T-INTERSECTION,"TWO-WAY, DIVIDED, UNPROTECTED MEDIAN",NO,NO,25,INTERSECTION,MASSACHUSETTS AVE,WESTBOUND,DANA STREET,SOUTHBOUND,,,,,,,,,,,NONE,,,PAN,MA,"LIGHT TRUCK(VAN, MINI VAN, PICK-UP, SPORT UTILITY)",N,,,ENTERING TRAFFIC LANE,2021.0,COLLISION WITH PEDALCYCLE,UX,LEXUS,1.0,,COLLISION WITH PEDALCYCLE,,,,RIGHT FRONT,,,N,SOUTHBOUND,,,,,,,,,,,NO IMPROPER DRIVING,,,,,,,UNKNOWN,,NO,,,,,,,,,,,,,,,,,,,,,,,,,,,,,,,,,,,,,,,,,,,OPERATOR/DRIVER,NO APPARENT INJURY,MASSACHUSETTS,"D, CLASS D VEHICLES",,NONE,,,,,,MALE,"FRONT SEAT - LEFT SIDE, OR MOTORCYLE DRIVER",UNKNOWN,NOT TRAPPED,Y,NON-MOTORIST,NO APPARENT INJURY,,,,,CYCLIST,ENTERING OR CROSSING SPECIFIED LOCATION,IN ROADWAY,HELMET,,FEMALE,,,,
7652,10/15/2019 09:25:00 AM,Tuesday,PASSENGER CAR,,,MASS AVE,PORTER RD,,"MASS AVE
Cambridge, MA",1.0,,ANGLE,ROADWAY,COLLISION WITH PEDALCYCLE,DAYLIGHT,CLEAR,,NO CONTROLS,,DRY,T-INTERSECTION,"TWO-WAY, DIVIDED, POSITIVE MEDIAN BARRIER",NO,NO,25,INTERSECTION,MASS AVE,EASTBOUND,PORTER RD,SOUTHBOUND,,,,,,,,,,,NONE,,,PAN,MA,PASSENGER CAR,N,,,TURNING LEFT,2005.0,COLLISION WITH PEDALCYCLE,FOREST,SUBA,2.0,,COLLISION WITH PEDALCYCLE,,,,NONE,,,N,SOUTHBOUND,,,,,,,,,,,VISIBILITY OBSTRUCTED,INATTENTION,,,,,,UNKNOWN,,NO,,,,,,,,,,,,,,,,,,,,,,,,,,,,,,,,,,,,,,,,,,,OPERATOR/DRIVER,UNKNOWN,MASSACHUSETTS,"D, CLASS D VEHICLES",,CORRECTIVE LENSES,,,,,,MALE,"FRONT SEAT - LEFT SIDE, OR MOTORCYLE DRIVER",SHOULDER AND LAP BELT USED,NOT TRAPPED,Y,NON-MOTORIST,SUSPECTED MINOR INJURY,,,,,CYCLIST,"WALKING, RUNNING OR CYCLING",IN ROADWAY,HELMET,,FEMALE,,,,
7660,07/27/2021 04:14:00 PM,Tuesday,PASSENGER CAR,,,MASSACHUSETTS AVE,,VASSAR STREET,,1.0,,ANGLE,ROADWAY,COLLISION WITH MOTOR VEHICLE IN TRAFFIC,DAYLIGHT,CLEAR,,TRAFFIC CONTROL SIGNAL,YES,DRY,NOT AT INTERSECTION,"TWO-WAY, NOT DIVIDED",NO,NO,25,NON INTERSECTION,,,,,,,SOUTHBOUND,,WESTBOUND,,,,,,NONE,,,PAN,MA,PASSENGER CAR,N,,Y,TURNING RIGHT,2012.0,COLLISION WITH PEDALCYCLE,S60,VOLVO,1.0,,COLLISION WITH PEDALCYCLE,,,,UNKNOWN,,,N,WESTBOUND,,,,,,,,,,,MADE AN IMPROPER TURN,,,,,,,UNKNOWN,,,,,,,,,,,,,,,,,,,,,,,,,,,,,,,,,,,,,,,,,,,,,NON-MOTORIST,NO APPARENT INJURY,MASSACHUSETTS,"D, CLASS D VEHICLES",,UNKNOWN,CYCLIST,"WALKING, RUNNING OR CYCLING",IN ROADWAY,UNKNOWN,,MALE,,,,,OPERATOR/DRIVER,NO APPARENT INJURY,MASSACHUSETTS,"D, CLASS D VEHICLES",,NONE,,,,,,FEMALE,"FRONT SEAT - LEFT SIDE, OR MOTORCYLE DRIVER",UNKNOWN,NOT TRAPPED,Y
7662,12/09/2019 10:31:00 AM,Monday,PASSENGER CAR,,,ALBANY STREET,MASSACHUSETTS AVE,,"ALBANY STREET
Cambridge, MA",1.0,,ANGLE,ROADWAY,COLLISION WITH PEDALCYCLE,DAYLIGHT,RAIN,CLOUDY,TRAFFIC CONTROL SIGNAL,YES,WET,FOUR WAY INTERSECTION,"TWO-WAY, NOT DIVIDED",NO,NO,25,INTERSECTION,ALBANY STREET,SOUTHBOUND,MASSACHUSETTS AVE,EASTBOUND,,,,,,,,,,,NONE,,,PAN,MA,PASSENGER CAR,N,,,TURNING LEFT,2014.0,COLLISION WITH PEDALCYCLE,JUKE,NISS,2.0,,COLLISION WITH PEDALCYCLE,,,,RIGHT FRONT,CENTER FRONT,,N,SOUTHBOUND,,,,,,,,,,,NO IMPROPER DRIVING,,,,,,,NOT DISTRACTED,,NO,,,,,,,,,,,,,,,,,,,,,,,,,,,,,,,,,,,,,,,,,,,OPERATOR/DRIVER,NO APPARENT INJURY,MASSACHUSETTS,"D, CLASS D VEHICLES",,NONE,,,,,,FEMALE,"FRONT SEAT - LEFT SIDE, OR MOTORCYLE DRIVER",SHOULDER AND LAP BELT USED,NOT TRAPPED,Y,NON-MOTORIST,NO APPARENT INJURY,MASSACHUSETTS,,,,CYCLIST,"WALKING, RUNNING OR CYCLING",IN ROADWAY,HELMET,,FEMALE,,,,
7671,02/09/2020 06:42:00 PM,Sunday,"LIGHT TRUCK(VAN, MINI VAN, PICK-UP, SPORT UTILITY)","LIGHT TRUCK(VAN, MINI VAN, PICK-UP, SPORT UTILITY)",2393,MASS AVE,,,"2393 MASS AVE
Cambridge, MA
(42.397022, -71.129743)",1.0,,"SIDESWIPE, SAME DIRECTION",ROADWAY,COLLISION WITH MOTOR VEHICLE IN TRAFFIC,DARK - LIGHTED ROADWAY,CLEAR,CLEAR,NO CONTROLS,,DRY,NOT AT INTERSECTION,"TWO-WAY, DIVIDED, POSITIVE MEDIAN BARRIER",NO,NO,25,NON INTERSECTION,,,,,,,NORTHBOUND,,,,,,,,NONE,,,PAN,MA,"LIGHT TRUCK(VAN, MINI VAN, PICK-UP, SPORT UTILITY)",N,,,OVERTAKING / PASSING,2016.0,COLLISION WITH OTHER MOVABLE OBJECT,X3,BMW,2.0,,COLLISION WITH PEDALCYCLE,,,,RIGHT SIDE,,,N,NORTHBOUND,,,,,,,,,,,NO IMPROPER DRIVING,,,,,,,NOT DISTRACTED,,,PAN,MA,"LIGHT TRUCK(VAN, MINI VAN, PICK-UP, SPORT UTILITY)",N,,,PARKED,2002,OTHER NON-COLLISION,TACOMA,TOYOTA,2.0,,OTHER NON-COLLISION,,,,NONE,,,N,,,,,,,,,,,,NO IMPROPER DRIVING,,,,,,,NOT DISTRACTED,,,OPERATOR/DRIVER,NO APPARENT INJURY,MASSACHUSETTS,"D, CLASS D VEHICLES",,NONE,,,,,,FEMALE,"FRONT SEAT - LEFT SIDE, OR MOTORCYLE DRIVER",UNKNOWN,,Y,OPERATOR/DRIVER,NO APPARENT INJURY,MASSACHUSETTS,"D, CLASS D VEHICLES",,NONE,,,,,,MALE,"FRONT SEAT - LEFT SIDE, OR MOTORCYLE DRIVER",,,Y
7722,11/23/2021 07:44:00 AM,Tuesday,"LIGHT TRUCK(VAN, MINI VAN, PICK-UP, SPORT UTILITY)",,,MASSACHUSETTS AVE,VASSAR ST,,"MASSACHUSETTS AVE
Cambridge, MA",1.0,,ANGLE,ROADWAY,COLLISION WITH PEDALCYCLE,DAYLIGHT,CLEAR,,TRAFFIC CONTROL SIGNAL,YES,DRY,FOUR WAY INTERSECTION,"TWO-WAY, NOT DIVIDED",NO,NO,25,INTERSECTION,MASSACHUSETTS AVE,EASTBOUND,VASSAR ST,SOUTHBOUND,,,,,,,,,,,NONE,,,CON,MA,"LIGHT TRUCK(VAN, MINI VAN, PICK-UP, SPORT UTILITY)",N,,,TURNING RIGHT,2012.0,COLLISION WITH PEDALCYCLE,TRANSIT,FORD,1.0,,COLLISION WITH PEDALCYCLE,,,,RIGHT FRONT,,,N,SOUTHBOUND,,,,,,,,,,,FAILED TO YIELD THE RIGHT OF WAY,,,,,,,UNKNOWN,,,,,,,,,,,,,,,,,,,,,,,,,,,,,,,,,,,,,,,,,,,,,OPERATOR/DRIVER,NO APPARENT INJURY,NEW HAMPSHIRE,"D, CLASS D VEHICLES",,NONE,,,,,,MALE,"FRONT SEAT - LEFT SIDE, OR MOTORCYLE DRIVER",UNKNOWN,NOT TRAPPED,,UNINVOLVED OWNER,,,,,,,,,,,,,,,Y
7808,01/21/2020 04:24:00 PM,Tuesday,PASSENGER CAR,,1771,MASSACHUSETTS AVE,,FOREST STREET,"1771 MASSACHUSETTS AVE
Cambridge, MA
(42.385521, -71.119266)",1.0,,ANGLE,ROADSIDE,COLLISION WITH PEDALCYCLE,DAYLIGHT,CLOUDY,,NO CONTROLS,,DRY,T-INTERSECTION,"TWO-WAY, DIVIDED, POSITIVE MEDIAN BARRIER",NO,NO,25,NON INTERSECTION,,,,,,,NORTHBOUND,,EASTBOUND,,,JUDY JETSON HAIR SALON,,,NONE,,,PAN,MA,PASSENGER CAR,N,,,TURNING LEFT,2019.0,COLLISION WITH PEDALCYCLE,OUTBACK,SUBARU,1.0,,COLLISION WITH PEDALCYCLE,,,,RIGHT SIDE,,,N,EASTBOUND,,,,,,,,,,,NO IMPROPER DRIVING,,,,,,,UNKNOWN,,NO,,,,,,,,,,,,,,,,,,,,,,,,,,,,,,,,,,,,,,,,,,,OPERATOR/DRIVER,NO APPARENT INJURY,MASSACHUSETTS,"D, CLASS D VEHICLES",,UNKNOWN,,,,,,FEMALE,,,,Y,NON-MOTORIST,POSSIBLE INJURY,MASSACHUSETTS,"D, CLASS D VEHICLES",,,CYCLIST,ENTERING OR CROSSING SPECIFIED LOCATION,SHOULDER,HELMET,,MALE,,,,
7901,09/03/2020 07:52:00 AM,Thursday,"LIGHT TRUCK(VAN, MINI VAN, PICK-UP, SPORT UTILITY)",,,MASSACHUSETTS AVENUE,CLARENDON STREET,,"MASSACHUSETTS AVENUE
Cambridge, MA",1.0,,ANGLE,ROADWAY,COLLISION WITH PEDALCYCLE,DAYLIGHT,CLEAR,,NO CONTROLS,,DRY,T-INTERSECTION,"TWO-WAY, DIVIDED, POSITIVE MEDIAN BARRIER",NO,NO,25,INTERSECTION,MASSACHUSETTS AVENUE,NORTHBOUND,CLARENDON STREET,EASTBOUND,,,,,,,,,,,NONE,,,PAN,MA,"LIGHT TRUCK(VAN, MINI VAN, PICK-UP, SPORT UTILITY)",N,,,TURNING LEFT,2009.0,COLLISION WITH PEDALCYCLE,RANGER,FORD,1.0,,COLLISION WITH PEDALCYCLE,,,,RIGHT FRONT,RIGHT SIDE,,N,EASTBOUND,,,,,,,,,,,FAILED TO YIELD THE RIGHT OF WAY,VISIBILITY OBSTRUCTED,,,,,,UNKNOWN,,,,,,,,,,,,,,,,,,,,,,,,,,,,,,,,,,,,,,,,,,,,,OPERATOR/DRIVER,NO APPARENT INJURY,MASSACHUSETTS,"D, CLASS D VEHICLES",,NONE,,,,,,MALE,"FRONT SEAT - LEFT SIDE, OR MOTORCYLE DRIVER",UNKNOWN,NOT TRAPPED,,UNINVOLVED OWNER,,,"D, CLASS D VEHICLES",,NONE,,,,,,MALE,,,,Y
7976,11/25/2019 08:58:00 AM,Monday,"LIGHT TRUCK(VAN, MINI VAN, PICK-UP, SPORT UTILITY)",,1033,MASS AVE,,ELLERY ST,"1033 MASS AVE
Cambridge, MA
(42.369689, -71.112209)",1.0,,HEAD ON,ROADWAY,COLLISION WITH MOTOR VEHICLE IN TRAFFIC,DAYLIGHT,CLEAR,,NO CONTROLS,,DRY,NOT AT INTERSECTION,"TWO-WAY, DIVIDED, UNPROTECTED MEDIAN",NO,NO,25,NON INTERSECTION,,,,,,,SOUTHBOUND,,,,,,,,NONE,,,PAN,MA,"LIGHT TRUCK(VAN, MINI VAN, PICK-UP, SPORT UTILITY)",N,,,TRAVELING STRAIGHT AHEAD,2015.0,COLLISION WITH PEDALCYCLE,FORESTER,SUBARU,1.0,,COLLISION WITH PEDALCYCLE,,,,LEFT FRONT,LEFT SIDE,,N,SOUTHBOUND,,,,,,,,,,,NO IMPROPER DRIVING,,,,,,,NOT DISTRACTED,,,,,,,,,,,,,,,,,,,,,,,,,,,,,,,,,,,,,,,,,,,,,OPERATOR/DRIVER,NO APPARENT INJURY,MASSACHUSETTS,"D, CLASS D VEHICLES",,NONE,,,,,,MALE,"FRONT SEAT - LEFT SIDE, OR MOTORCYLE DRIVER",,,Y,NON-MOTORIST,SUSPECTED MINOR INJURY,,,,,CYCLIST,"WALKING, RUNNING OR CYCLING",IN ROADWAY,HELMET,,MALE,,,,
8006,01/02/2020 05:54:00 PM,Thursday,PASSENGER CAR,,1350,MASS AVE,,,"1350 MASS AVE
Cambridge, MA
(42.373197, -71.118187)",1.0,,"SIDESWIPE, SAME DIRECTION",ROADWAY,COLLISION WITH PEDALCYCLE,DARK - LIGHTED ROADWAY,CLEAR,,TRAFFIC CONTROL SIGNAL,YES,DRY,NOT AT INTERSECTION,"ONE-WAY, NOT DIVIDED",NO,NO,20,NON INTERSECTION,,,,,,,WESTBOUND,,,,,,,,NONE,,,PAN,MA,PASSENGER CAR,N,,,SLOWING OR STOPPED IN TRAFFIC,2003.0,COLLISION WITH PEDALCYCLE,ES300,LEXUS,2.0,,COLLISION WITH PEDALCYCLE,,,,LEFT SIDE,,,N,WESTBOUND,,,,NO,,,,,,,NO IMPROPER DRIVING,,,,,,,NOT DISTRACTED,,,,,,,,,,,,,,,,,,,,,,,,,,,,,,,,,,,,,,,,,,,,,OPERATOR/DRIVER,NO APPARENT INJURY,MASSACHUSETTS,"D, CLASS D VEHICLES",,NONE,,,,,,MALE,"FRONT SEAT - LEFT SIDE, OR MOTORCYLE DRIVER",UNKNOWN,NOT TRAPPED,Y,OCCUPANT/PASSENGER,NO APPARENT INJURY,,"D, CLASS D VEHICLES",,,,,,,,FEMALE,FRONT SEAT - RIGHT SIDE,UNKNOWN,NOT TRAPPED,
8098,05/10/2021 01:48:00 PM,Monday,PASSENGER CAR,,,MASSACHUSETTS AVE,ALBANY STREET,,"MASSACHUSETTS AVE
Cambridge, MA",1.0,,ANGLE,ROADWAY,COLLISION WITH PEDALCYCLE,DAYLIGHT,CLEAR,,TRAFFIC CONTROL SIGNAL,YES,DRY,T-INTERSECTION,"TWO-WAY, NOT DIVIDED",NO,NO,25,INTERSECTION,MASSACHUSETTS AVE,WESTBOUND,ALBANY STREET,NORTHBOUND,,,,,,,,,,,NONE,,,PAN,MA,PASSENGER CAR,N,,,TURNING LEFT,2020.0,COLLISION WITH PEDALCYCLE,CAMRY,TOYOTA,1.0,,COLLISION WITH PEDALCYCLE,,,,RIGHT SIDE,,,N,NORTHBOUND,,,,,,,,,,,UNKNOWN,,,,,,,UNKNOWN,,,,,,,,,,,,,,,,,,,,,,,,,,,,,,,,,,,,,,,,,,,,,OPERATOR/DRIVER,NO APPARENT INJURY,MASSACHUSETTS,"D, CLASS D VEHICLES",,NONE,,,,,,MALE,"FRONT SEAT - LEFT SIDE, OR MOTORCYLE DRIVER",UNKNOWN,NOT TRAPPED,Y,NON-MOTORIST,SUSPECTED MINOR INJURY,MASSACHUSETTS,"D, CLASS D VEHICLES",,NONE,CYCLIST,ENTERING OR CROSSING SPECIFIED LOCATION,IN ROADWAY,HELMET,,FEMALE,,,,
8192,11/15/2019 08:18:00 AM,Friday,"LIGHT TRUCK(VAN, MINI VAN, PICK-UP, SPORT UTILITY)",,2044,MASS AVE,,CREIGHTON ST,"2044 MASS AVE
Cambridge, MA
(42.390946, -71.122453)",1.0,,SINGLE VEHICLE CRASH,ROADWAY,COLLISION WITH OTHER MOVABLE OBJECT,DAYLIGHT,CLEAR,,NO CONTROLS,,DRY,NOT AT INTERSECTION,"TWO-WAY, DIVIDED, POSITIVE MEDIAN BARRIER",NO,NO,25,NON INTERSECTION,,,,,,,WESTBOUND,,NORTHBOUND,,,,,,NONE,,,CON,MA,"LIGHT TRUCK(VAN, MINI VAN, PICK-UP, SPORT UTILITY)",N,,,PARKED,2016.0,COLLISION WITH OTHER MOVABLE OBJECT,SRWSUP,FORD,1.0,,COLLISION WITH OTHER MOVABLE OBJECT,,,,NONE,,,N,WESTBOUND,,,,,,,,,,,UNKNOWN,,,,,,,UNKNOWN,,NO,,,,,,,,,,,,,,,,,,,,,,,,,,,,,,,,,,,,,,,,,,,OPERATOR/DRIVER,NO APPARENT INJURY,NEW HAMPSHIRE,"D, CLASS D VEHICLES",,UNKNOWN,,,,,,MALE,"FRONT SEAT - LEFT SIDE, OR MOTORCYLE DRIVER",UNKNOWN,NOT TRAPPED,,NON-MOTORIST,SUSPECTED MINOR INJURY,MASSACHUSETTS,"D, CLASS D VEHICLES",,CORRECTIVE LENSES,CYCLIST,"WALKING, RUNNING OR CYCLING",SHARED-USE PATH OR TRAILS,HELMET,,FEMALE,,,,