,Date Time,Day of Week,Object 1,Object 2,Street Number,Street Name,Cross Street,Near Street,Location,May involve cyclist,May Involve Pedestrian,Manner of Collision,First Harmful Event Location,First Harmful Event,Ambient Light,Weather Condition 1,Weather Condition 2,Traffic Control Device Type,Traffic Control Device Functionality,Road Surface Condition,Roadway Junction Type,Trafficway Description,School Bus Related,Work Zone,Speed Limit,Street or Intersection,Intersection Name 1,Intersection Direction 1,Intersection Name 2,Intersection Direction 2,Intersection Name 3,Intersection Direction 3,Street Direction,Nearest Intersection Distance,Nearest Intersection Direction,Landmark Distance,Landmark Direction,Landmark,Mile Marker Direction,Non Public Area,Road Contributing,Damaged Property Type,Description of Damaged Property,V1 Registration Type,v1 State Code,V1 Configuration,V1 Emergency Response,V1 Moped,V1 Hit and Run,V1 Action Prior to Crash,V1 Model Year,V1 Most Harmful Event,V1 Model,V1 Make,V1 Occupant Count,V1 Underride Override,V1 First Event,V1 Second Event,V1 Third Event,V1 Fourth Event,V1 Most Damaged Area,V1 Second Damaged Area,V1 Third Damaged Area,V1 Towed,V1 Travel Direction,V1 Interstate,V1 Cargo Body Type,V1 Gross Weight,V1 Haz Placard,V1 Haz Release,V1 Trailer Reg Type,V1 Trailer Reg Plate,V1 Trailer Reg State,V1 Trailer Reg Year,V1 Trailer Len,V1 Driver Contribution,V1 Driver Contribution 2,V1 Is Truck,V1 Has Trailer,V1 Is Bus,V1 Is Hazmat,V1 Reg Year,V1 Driver Distracted,V1 Bus Use,V1 Tow Use,V2 Registration Type,V2 State Code,V2 Configuration,V2 Emergency Response,V2 Moped,V2 Hit and Run,V2 Action Prior to Crash,V2 Model Year,V2 Most Harmful Event,V2 Model,V2 Make,V2 Occupant Count,V2 Underride Override,V2 First Event,V2 Second Event,V2 Third Event,V2 Fourth Event,V2 Most Damaged Area,V2 Second Damaged Area,V2 Third Damaged Area,V2 Towed,V2 Travel Direction,V2 Interstate,V2 Cargo Body Type,V2 Gross Weight,V2 Haz Placard,V2 Haz Release,V2 Trailer Reg Type,V2 Trailer Reg Plate,V2 Trailer Reg State,V2 Trailer Reg Year,V2 Trailer Len,V2 Driver Contribution,V2 Driver Contribution 2,V2 Is Truck,V2 Has Trailer,V2 Is Bus,V2 Is Hazmat,V2 Reg Year,V2 Driver Distracted,V2 Bus Use,V2 Tow Use,P1 Role,P1 Injury,P1 Drivers Lic State,P1 Drivers Lic Class 1,P1 Drivers Lic Class 2,P1 Drivers Lic Restrict,P1 Non Motorist Desc,P1 Non Motorist Action,P1 Non Motorist Location,P1 Safety Equipment,P1 Age,P1 Sex,P1 Seat Position,P1 Safety System,P1 Trapped,P1 Veh Owner,P2 Role,P2 Injury,P2 Drivers Lic State,P2 Drivers Lic Class 1,P2 Drivers Lic Class 2,P2 Drivers Lic Restrict,P2 Non Motorist Desc,P2 Non Motorist Action,P2 Non Motorist Location,P2 Safety Equipment,P2 Age,P2 Sex,P2 Seat Position,P2 Safety System,P2 Trapped,P2 Veh Owner
8195,08/14/2020 11:27:00 PM,Friday,PASSENGER CAR,,,MASSACHUSETTS AVENUE,SOMERVILLE AVENUE,,"MASSACHUSETTS AVENUE
Cambridge, MA",1.0,,HEAD ON,ROADWAY,COLLISION WITH PEDALCYCLE,DUSK,CLEAR,,TRAFFIC CONTROL SIGNAL,YES,DRY,FIVE-POINT OR MORE,"TWO-WAY, NOT DIVIDED",NO,NO,25,INTERSECTION,MASSACHUSETTS AVENUE,NORTHBOUND,SOMERVILLE AVENUE,SOUTHBOUND,,,,,,,,,,,UNKNOWN,,,PAN,MA,PASSENGER CAR,N,,,TRAVELING STRAIGHT AHEAD,2013.0,COLLISION WITH PEDALCYCLE,FUSHION,FORD,2.0,,COLLISION WITH PEDALCYCLE,,,,LEFT FRONT,,,N,NORTHBOUND,,,,,,,,,,,UNKNOWN,,,,,,,UNKNOWN,,NO,,,,,,,,,,,,,,,,,,,,,,,,,,,,,,,,,,,,,,,,,,,OPERATOR/DRIVER,NO APPARENT INJURY,MASSACHUSETTS,"D, CLASS D VEHICLES",,NONE,,,,,,MALE,"FRONT SEAT - LEFT SIDE, OR MOTORCYLE DRIVER",SHOULDER AND LAP BELT USED,NOT TRAPPED,Y,OCCUPANT/PASSENGER,NO APPARENT INJURY,,,,,,,,,,MALE,FRONT SEAT - RIGHT SIDE,SHOULDER AND LAP BELT USED,NOT TRAPPED,
8196,01/29/2021 02:23:00 PM,Friday,PASSENGER CAR,,757,MASSACHUSETTS AVE,,INMAN ST,"757 MASSACHUSETTS AVE
Cambridge, MA
(42.366469, -71.105507)",1.0,,"SIDESWIPE, SAME DIRECTION",ROADWAY,COLLISION WITH MOTOR VEHICLE IN TRAFFIC,DAYLIGHT,CLEAR,,NO CONTROLS,,DRY,NOT AT INTERSECTION,"TWO-WAY, DIVIDED, UNPROTECTED MEDIAN",NO,NO,25,NON INTERSECTION,,,,,,,WESTBOUND,,SOUTHBOUND,,WESTBOUND,757 MASSACHUSETTS AVE,,,NONE,,,,MA,PASSENGER CAR,N,,,PARKED,2017.0,COLLISION WITH PEDALCYCLE,CRUZE,CHEVY,1.0,,COLLISION WITH PEDALCYCLE,,,,LEFT FRONT,,,N,WESTBOUND,,,,,,,,,,,UNKNOWN,,,,,,,UNKNOWN,,,,,,,,,,,,,,,,,,,,,,,,,,,,,,,,,,,,,,,,,,,,,OPERATOR/DRIVER,NO APPARENT INJURY,MASSACHUSETTS,"D, CLASS D VEHICLES",,UNKNOWN,,,,,36.0,MALE,"FRONT SEAT - LEFT SIDE, OR MOTORCYLE DRIVER",,,Y,NON-MOTORIST,SUSPECTED MINOR INJURY,MASSACHUSETTS,"D, CLASS D VEHICLES",,,,,,,,MALE,,,,
8285,11/23/2021 06:56:00 PM,Tuesday,"LIGHT TRUCK(VAN, MINI VAN, PICK-UP, SPORT UTILITY)",PASSENGER CAR,,SIDNEY STREET EXTENSION,,MASSACHUSETTS AVE,,1.0,,ANGLE,ROADWAY,COLLISION WITH PEDALCYCLE,DUSK,CLOUDY,,TRAFFIC CONTROL SIGNAL,YES,DRY,NOT AT INTERSECTION,"TWO-WAY, NOT DIVIDED",NO,NO,25,NON INTERSECTION,,,,,,,EASTBOUND,,NORTHBOUND,,,,,,NONE,,,CON,MA,"LIGHT TRUCK(VAN, MINI VAN, PICK-UP, SPORT UTILITY)",N,,,PARKED,2016.0,COLLISION WITH PEDALCYCLE,DISCOVERY,LAND ROVER,1.0,,COLLISION WITH PEDALCYCLE,,,,NONE,,,N,,,,,,,,,,,,OTHER IMPROPER ACTION,,,,,,,UNKNOWN,,NO,PAN,MA,PASSENGER CAR,N,,,SLOWING OR STOPPED IN TRAFFIC,2012,COLLISION WITH PEDALCYCLE,VENZA,TOYOTA,1.0,,COLLISION WITH PEDALCYCLE,,,,RIGHT SIDE,,,N,EASTBOUND,,,,,,,,,,,NO IMPROPER DRIVING,,,,,,,NOT DISTRACTED,,NO,OPERATOR/DRIVER,SUSPECTED SERIOUS INJURY,MASSACHUSETTS,"D, CLASS D VEHICLES",,UNKNOWN,,,,,,MALE,,,,,OPERATOR/DRIVER,NO APPARENT INJURY,MASSACHUSETTS,"D, CLASS D VEHICLES",,UNKNOWN,,,,,,FEMALE,,,,Y
8302,11/10/2021 09:04:00 AM,Wednesday,"LIGHT TRUCK(VAN, MINI VAN, PICK-UP, SPORT UTILITY)",,,MASSACHUSETTS AVE,PLEASANT ST,,"MASSACHUSETTS AVE
Cambridge, MA",1.0,,ANGLE,ROADWAY,COLLISION WITH PEDALCYCLE,DAYLIGHT,CLEAR,,NO CONTROLS,,DRY,T-INTERSECTION,"TWO-WAY, NOT DIVIDED",NO,NO,25,INTERSECTION,MASSACHUSETTS AVE,EASTBOUND,PLEASANT ST,SOUTHBOUND,,,,,,,,,,,NONE,,,PAN,NH,"LIGHT TRUCK(VAN, MINI VAN, PICK-UP, SPORT UTILITY)",N,,,TURNING RIGHT,2015.0,COLLISION WITH PEDALCYCLE,TRANSIT,FORD,1.0,,COLLISION WITH PEDALCYCLE,,,,NONE,,,N,EASTBOUND,,,,,,,,,,,FAILED TO YIELD THE RIGHT OF WAY,,,,,,,UNKNOWN,,,,,,,,,,,,,,,,,,,,,,,,,,,,,,,,,,,,,,,,,,,,,OPERATOR/DRIVER,NO APPARENT INJURY,NEW HAMPSHIRE,"D, CLASS D VEHICLES",,NONE,,,,,,MALE,"FRONT SEAT - LEFT SIDE, OR MOTORCYLE DRIVER",UNKNOWN,NOT TRAPPED,Y,NON-MOTORIST,SUSPECTED MINOR INJURY,MASSACHUSETTS,"D, CLASS D VEHICLES",,NONE,CYCLIST,ENTERING OR CROSSING SPECIFIED LOCATION,IN ROADWAY,HELMET,,FEMALE,,,,
8409,10/14/2021 09:42:00 AM,Thursday,PASSENGER CAR,,,MASS AVE,DOVER ST,,"MASS AVE
Cambridge, MA",1.0,,ANGLE,ROADWAY,COLLISION WITH PEDALCYCLE,DAYLIGHT,CLEAR,,TRAFFIC CONTROL SIGNAL,YES,DRY,FOUR WAY INTERSECTION,"TWO-WAY, DIVIDED, POSITIVE MEDIAN BARRIER",NO,NO,25,INTERSECTION,MASS AVE,SOUTHBOUND,DOVER ST,EASTBOUND,,,,,,,,,,,NONE,UNKNOWN,SPECIALIZED BICYCLE,PAN,MA,PASSENGER CAR,N,,,TRAVELING STRAIGHT AHEAD,2011.0,COLLISION WITH PEDALCYCLE,CRV,HONDA,1.0,,COLLISION WITH PEDALCYCLE,,,,LEFT FRONT,,,N,EASTBOUND,,,,,,,,,,,NO IMPROPER DRIVING,,,,,,,NOT DISTRACTED,,,,,,,,,,,,,,,,,,,,,,,,,,,,,,,,,,,,,,,,,,,,,OPERATOR/DRIVER,NO APPARENT INJURY,MASSACHUSETTS,"D, CLASS D VEHICLES",,NONE,,,,,,MALE,"FRONT SEAT - LEFT SIDE, OR MOTORCYLE DRIVER",SHOULDER AND LAP BELT USED,NOT TRAPPED,Y,NON-MOTORIST,SUSPECTED MINOR INJURY,,,,,CYCLIST,"WALKING, RUNNING OR CYCLING",AT INTERSECTION BUT NO CROSSWALK,HELMET,,FEMALE,,,,
8461,10/02/2019 04:41:00 PM,Wednesday,PASSENGER CAR,,245,MASSACHUSETTS AVE,,,"245 MASSACHUSETTS AVE
Cambridge, MA
(42.36159, -71.097291)",1.0,,"SIDESWIPE, SAME DIRECTION",ROADSIDE,COLLISION WITH PEDALCYCLE,DAYLIGHT,RAIN,CLOUDY,NO CONTROLS,YES,WET,NOT AT INTERSECTION,"TWO-WAY, NOT DIVIDED",NO,NO,25,NON INTERSECTION,,,,,,,WESTBOUND,,,,,,,,NONE,,,PAN,MA,PASSENGER CAR,N,,,PARKED,2019.0,COLLISION WITH PEDALCYCLE,CIVIC,HONDA,2.0,,COLLISION WITH PEDALCYCLE,,,,RIGHT SIDE,,,N,WESTBOUND,,,,,,,,,,,NO IMPROPER DRIVING,,,,,,,NOT DISTRACTED,,,,,,,,,,,,,,,,,,,,,,,,,,,,,,,,,,,,,,,,,,,,,OPERATOR/DRIVER,NO APPARENT INJURY,MASSACHUSETTS,UNKNOWN,,NONE,,,,,,FEMALE,"FRONT SEAT - LEFT SIDE, OR MOTORCYLE DRIVER",UNKNOWN,NOT TRAPPED,Y,OCCUPANT/PASSENGER,NO APPARENT INJURY,,UNKNOWN,,NONE,,,,,,FEMALE,SECOND SEAT - RIGHT SIDE,UNKNOWN,NOT TRAPPED,
8552,01/09/2020 07:57:00 AM,Thursday,"LIGHT TRUCK(VAN, MINI VAN, PICK-UP, SPORT UTILITY)",,,MASSACHUSETTS AVE,PORTER ROAD,,"MASSACHUSETTS AVE
Cambridge, MA",1.0,,ANGLE,ROADWAY,COLLISION WITH PEDALCYCLE,DAYLIGHT,CLEAR,,NO CONTROLS,,DRY,T-INTERSECTION,"TWO-WAY, DIVIDED, UNPROTECTED MEDIAN",NO,NO,25,INTERSECTION,MASSACHUSETTS AVE,NORTHBOUND,PORTER ROAD,WESTBOUND,,,,,,,,,,,NONE,,,PAN,MA,"LIGHT TRUCK(VAN, MINI VAN, PICK-UP, SPORT UTILITY)",N,,,TURNING LEFT,2006.0,COLLISION WITH PEDALCYCLE,HIGHLANDER,TOYOTA,1.0,,COLLISION WITH PEDALCYCLE,,,,RIGHT SIDE,,,N,WESTBOUND,,,,,,,,,,,FAILED TO YIELD THE RIGHT OF WAY,INATTENTION,,,,,,UNKNOWN,,,,,,,,,,,,,,,,,,,,,,,,,,,,,,,,,,,,,,,,,,,,,OPERATOR/DRIVER,NO APPARENT INJURY,MASSACHUSETTS,"D, CLASS D VEHICLES",,NONE,,,,,,MALE,"FRONT SEAT - LEFT SIDE, OR MOTORCYLE DRIVER",UNKNOWN,NOT TRAPPED,Y,NON-MOTORIST,SUSPECTED MINOR INJURY,,,,,CYCLIST,ENTERING OR CROSSING SPECIFIED LOCATION,SHARED-USE PATH OR TRAILS,HELMET,,MALE,,,,
8586,07/07/2021 06:16:00 AM,Wednesday,UNKNOWN HEAVY TRUCK,,,MASSACHUSETTS AVE,CHURCH ST,,"MASSACHUSETTS AVE
Cambridge, MA",1.0,,ANGLE,ROADWAY,COLLISION WITH PEDALCYCLE,DAWN,CLEAR,,NO CONTROLS,,DRY,T-INTERSECTION,"TWO-WAY, DIVIDED, POSITIVE MEDIAN BARRIER",NO,NO,25,INTERSECTION,MASSACHUSETTS AVE,SOUTHBOUND,CHURCH ST,,,,,,,,,,,,NONE,,,CON,MA,UNKNOWN HEAVY TRUCK,N,,,TURNING RIGHT,2018.0,COLLISION WITH PEDALCYCLE,K370,KW,1.0,,COLLISION WITH PEDALCYCLE,,,,NONE,,,N,SOUTHBOUND,,,,,,,,,,,INATTENTION,,,,,,,NOT DISTRACTED,,,,,,,,,,,,,,,,,,,,,,,,,,,,,,,,,,,,,,,,,,,,,OPERATOR/DRIVER,NO APPARENT INJURY,MASSACHUSETTS,"B, CLASS B VEHICLES",,NONE,,,,,,MALE,"FRONT SEAT - LEFT SIDE, OR MOTORCYLE DRIVER",SHOULDER AND LAP BELT USED,NOT TRAPPED,,NON-MOTORIST,SUSPECTED MINOR INJURY,,,,,CYCLIST,"WALKING, RUNNING OR CYCLING",IN ROADWAY,HELMET,,MALE,,,,
8691,11/01/2019 03:30:00 PM,Friday,PASSENGER CAR,,,,,MASSACHUSETTS AVENUE,,1.0,,HEAD ON,ROADWAY,COLLISION WITH PEDALCYCLE,DAYLIGHT,CLEAR,,TRAFFIC CONTROL SIGNAL,YES,DRY,FOUR WAY INTERSECTION,"TWO-WAY, NOT DIVIDED",NO,NO,25,INTERSECTION,,,,,,,SOUTHBOUND,,EASTBOUND,,,,,,NONE,,,PAN,MA,PASSENGER CAR,N,,,TURNING LEFT,2012.0,COLLISION WITH PEDALCYCLE,MAXIMA,NISSAN,1.0,,COLLISION WITH PEDALCYCLE,,,,NONE,NONE,NONE,N,EASTBOUND,,,,,,,,,,,OTHER IMPROPER ACTION,,,,,,,UNKNOWN,,,,,,,,,,,,,,,,,,,,,,,,,,,,,,,,,,,,,,,,,,,,,OPERATOR/DRIVER,NO APPARENT INJURY,MASSACHUSETTS,"D, CLASS D VEHICLES",,CORRECTIVE LENSES,,,,,,MALE,"FRONT SEAT - LEFT SIDE, OR MOTORCYLE DRIVER",UNKNOWN,NOT TRAPPED,Y,NON-MOTORIST,POSSIBLE INJURY,MASSACHUSETTS,"D, CLASS D VEHICLES",,NONE,CYCLIST,"WALKING, RUNNING OR CYCLING",IN ROADWAY,HELMET,,MALE,,,,
8786,10/16/2019 03:32:00 PM,Wednesday,PASSENGER CAR,,,MASS AVE,TROWBRIDGE ST.,,"MASS AVE
Cambridge, MA",1.0,,ANGLE,ROADWAY,COLLISION WITH PEDALCYCLE,DAYLIGHT,CLEAR,CLOUDY,TRAFFIC CONTROL SIGNAL,YES,DRY,T-INTERSECTION,"ONE-WAY, NOT DIVIDED",NO,NO,UNK,INTERSECTION,MASS AVE,NORTHBOUND,TROWBRIDGE ST.,NORTHBOUND,,,,,,,,,,,UNKNOWN,,,PAN,MA,PASSENGER CAR,Y,,,TURNING RIGHT,2020.0,COLLISION WITH PEDALCYCLE,COROLLA,TOYOTA,1.0,,COLLISION WITH PEDALCYCLE,COLLISION WITH PEDALCYCLE,COLLISION WITH PEDALCYCLE,COLLISION WITH PEDALCYCLE,CENTER FRONT,RIGHT FRONT,,N,NORTHBOUND,,,,,,,,,,,"OPERATING VEHICLE IN ERRATIC, RECKLESS, CARELESS,","OPERATING VEHICLE IN ERRATIC, RECKLESS, CARELESS,",,,,,,UNKNOWN,,NO,,,,,,,,,,,,,,,,,,,,,,,,,,,,,,,,,,,,,,,,,,,OPERATOR/DRIVER,NO APPARENT INJURY,MICHIGAN,"D, CLASS D VEHICLES",,UNKNOWN,,,,,34.0,FEMALE,UNKNOWN,UNKNOWN,NOT TRAPPED,Y,NON-MOTORIST,SUSPECTED MINOR INJURY,MASSACHUSETTS,,,,CYCLIST,"WALKING, RUNNING OR CYCLING",IN ROADWAY,UNKNOWN,17.0,MALE,,,,
8816,09/30/2021 12:43:00 PM,Thursday,PASSENGER CAR,,872,MASSACHUSETTS AVENUE,,,"872 MASSACHUSETTS AVENUE
Cambridge, MA
(42.36774, -71.10752)",1.0,,SINGLE VEHICLE CRASH,ROADSIDE,COLLISION WITH PEDALCYCLE,DAYLIGHT,CLEAR,CLEAR,NO CONTROLS,,DRY,NOT AT INTERSECTION,"TWO-WAY, NOT DIVIDED",NO,NO,25,NON INTERSECTION,,,,,,,SOUTHBOUND,,,,,,,,NONE,,,PAN,NH,PASSENGER CAR,N,,,TURNING LEFT,2012.0,COLLISION WITH PEDALCYCLE,C-CLASS,MERCEDES,1.0,,COLLISION WITH PEDALCYCLE,OTHER,OTHER,OTHER,OTHER,,,N,NORTHBOUND,,,,,,,,,,,FAILED TO YIELD THE RIGHT OF WAY,UNKNOWN,,,,,,UNKNOWN,,NO,,,,,,,,,,,,,,,,,,,,,,,,,,,,,,,,,,,,,,,,,,,OPERATOR/DRIVER,NO APPARENT INJURY,NEW HAMPSHIRE,UNKNOWN,UNKNOWN,NONE,,,,,,MALE,"FRONT SEAT - LEFT SIDE, OR MOTORCYLE DRIVER",SHOULDER AND LAP BELT USED,NOT TRAPPED,Y,NON-MOTORIST,SUSPECTED MINOR INJURY,MASSACHUSETTS,"D, CLASS D VEHICLES",UNKNOWN,CORRECTIVE LENSES,CYCLIST,"WALKING, RUNNING OR CYCLING",SHARED-USE PATH OR TRAILS,HELMET,,FEMALE,,,,
8820,03/02/2020 01:35:00 PM,Monday,PASSENGER CAR,,,MASSACHUSETTS AVE,NORFOLD ST,,"MASSACHUSETTS AVE
Cambridge, MA",1.0,,"SIDESWIPE, OPPOSITE DIRECTION",ROADWAY,COLLISION WITH PEDALCYCLE,DAYLIGHT,CLEAR,,NO CONTROLS,NO,DRY,T-INTERSECTION,"TWO-WAY, DIVIDED, UNPROTECTED MEDIAN",NO,NO,25,INTERSECTION,MASSACHUSETTS AVE,WESTBOUND,NORFOLD ST,SOUTHBOUND,,,,,,,,,,,TRAFFIC CONGESTION RELATED,,,PAN,MA,PASSENGER CAR,N,,,TRAVELING STRAIGHT AHEAD,2016.0,COLLISION WITH PEDALCYCLE,JETTA,VW,1.0,,COLLISION WITH PEDALCYCLE,,,,RIGHT SIDE,,,N,WESTBOUND,,,,,,,,,,,UNKNOWN,,,,,,,UNKNOWN,,NO,,,,,,,,,,,,,,,,,,,,,,,,,,,,,,,,,,,,,,,,,,,OPERATOR/DRIVER,NO APPARENT INJURY,MASSACHUSETTS,"D, CLASS D VEHICLES",,NONE,,,,,,MALE,"FRONT SEAT - LEFT SIDE, OR MOTORCYLE DRIVER",,,,NON-MOTORIST,NO APPARENT INJURY,,,,,CYCLIST,ENTERING OR CROSSING SPECIFIED LOCATION,AT INTERSECTION BUT NO CROSSWALK,NONE USED,,MALE,,,,
8866,09/27/2021 04:24:00 PM,Monday,PASSENGER CAR,,,MASSACHUSETTS AVE,MELLEN STREET,,"MASSACHUSETTS AVE
Cambridge, MA",1.0,,ANGLE,ROADWAY,OTHER,DAYLIGHT,CLEAR,,NO CONTROLS,,DRY,T-INTERSECTION,"TWO-WAY, DIVIDED, POSITIVE MEDIAN BARRIER",NO,NO,25,INTERSECTION,MASSACHUSETTS AVE,NORTHBOUND,MELLEN STREET,WESTBOUND,,,,,,,,,,,NONE,,,PAN,AL,PASSENGER CAR,N,,,SLOWING OR STOPPED IN TRAFFIC,2017.0,OTHER,CTS,CADILLAC,1.0,,OTHER,,,,LEFT FRONT,OTHER,,N,WESTBOUND,,,,,,,,,,,NO IMPROPER DRIVING,,,,,,,NOT DISTRACTED,,NO,,,,,,,,,,,,,,,,,,,,,,,,,,,,,,,,,,,,,,,,,,,OPERATOR/DRIVER,NO APPARENT INJURY,MASSACHUSETTS,"D, CLASS D VEHICLES",,UNKNOWN,,,,,,FEMALE,,,,,NON-MOTORIST,POSSIBLE INJURY,,,,,OTHER NON MOTORIST,"WALKING, RUNNING OR CYCLING",IN ROADWAY,NONE USED,,MALE,,,,
8991,10/27/2021 07:18:00 PM,Wednesday,BUS SEATS MORE THAN 15 PEOPLE,,1414,MASSACHUSETTS AVE,,JFK STREET,"1414 MASSACHUSETTS AVE
Cambridge, MA
(42.3737, -71.119128)",1.0,,"SIDESWIPE, SAME DIRECTION",ROADSIDE,COLLISION WITH PEDALCYCLE,DAYLIGHT,RAIN,,TRAFFIC CONTROL SIGNAL,YES,WET,NOT AT INTERSECTION,"TWO-WAY, NOT DIVIDED",YES,NO,25,NON INTERSECTION,,,,,,,WESTBOUND,,EASTBOUND,,,,,,NONE,,,SBN,MA,BUS SEATS MORE THAN 15 PEOPLE,N,,,TRAVELING STRAIGHT AHEAD,2002.0,COLLISION WITH PEDALCYCLE,SCHOOL BUS,THMS,2.0,,COLLISION WITH PEDALCYCLE,,,,RIGHT REAR,,,N,WESTBOUND,,,,,,,,,,,NO IMPROPER DRIVING,,,,,,,NOT DISTRACTED,,NO,,,,,,,,,,,,,,,,,,,,,,,,,,,,,,,,,,,,,,,,,,,OPERATOR/DRIVER,NO APPARENT INJURY,MASSACHUSETTS,"B, CLASS B VEHICLES",,UNKNOWN,,,,,,MALE,,,,,NON-MOTORIST,POSSIBLE INJURY,,,,,CYCLIST,"WALKING, RUNNING OR CYCLING",SHOULDER,NONE USED,,MALE,,,,
9003,11/05/2020 07:25:00 PM,Thursday,"LIGHT TRUCK(VAN, MINI VAN, PICK-UP, SPORT UTILITY)",,,MASSACHUSETTS AVE,CHURCH HILL AVE,,"MASSACHUSETTS AVE
Cambridge, MA",1.0,,"SIDESWIPE, SAME DIRECTION",ROADWAY,COLLISION WITH PEDALCYCLE,DARK - LIGHTED ROADWAY,CLEAR,,TRAFFIC CONTROL SIGNAL,YES,DRY,T-INTERSECTION,"TWO-WAY, DIVIDED, UNPROTECTED MEDIAN",NO,NO,25,INTERSECTION,MASSACHUSETTS AVE,WESTBOUND,CHURCH HILL AVE,NORTHBOUND,,,,,,,,,,,NONE,,,PAN,NC,"LIGHT TRUCK(VAN, MINI VAN, PICK-UP, SPORT UTILITY)",N,,,TRAVELING STRAIGHT AHEAD,2020.0,COLLISION WITH PEDALCYCLE,EXPLORER,FORD,1.0,,COLLISION WITH PEDALCYCLE,,,,NONE,,,N,WESTBOUND,,,,,,,,,,,FAILED TO YIELD THE RIGHT OF WAY,,,,,,,UNKNOWN,,,,,,,,,,,,,,,,,,,,,,,,,,,,,,,,,,,,,,,,,,,,,OPERATOR/DRIVER,NO APPARENT INJURY,YUKON TERR,UNKNOWN,,UNKNOWN,,,,,,MALE,"FRONT SEAT - LEFT SIDE, OR MOTORCYLE DRIVER",UNKNOWN,NOT TRAPPED,,UNINVOLVED OWNER,,,,,,,,,,,,,,,Y
9008,04/04/2021 12:38:00 PM,Sunday,PASSENGER CAR,,,MASSACHUSETTS AVENUE,CHURCH STREET,,"MASSACHUSETTS AVENUE
Cambridge, MA",1.0,,ANGLE,ROADWAY,COLLISION WITH MOTOR VEHICLE IN TRAFFIC,DAYLIGHT,CLEAR,,NO CONTROLS,,DRY,T-INTERSECTION,UNKNOWN,NO,NO,20,INTERSECTION,MASSACHUSETTS AVENUE,WESTBOUND,CHURCH STREET,NORTHBOUND,,,,,,,,,,,NONE,,,PAN,MA,PASSENGER CAR,N,,,TURNING RIGHT,2019.0,COLLISION WITH PEDALCYCLE,XC40,VOLVO,2.0,,COLLISION WITH PEDALCYCLE,,,,RIGHT SIDE,RIGHT REAR,NONE,N,NORTHBOUND,,,,,,,,,,,UNKNOWN,,,,,,,UNKNOWN,,NO,,,,,,,,,,,,,,,,,,,,,,,,,,,,,,,,,,,,,,,,,,,OPERATOR/DRIVER,NO APPARENT INJURY,MASSACHUSETTS,"D, CLASS D VEHICLES",,CORRECTIVE LENSES,,,,,,MALE,"FRONT SEAT - LEFT SIDE, OR MOTORCYLE DRIVER",SHOULDER AND LAP BELT USED,NOT TRAPPED,Y,OCCUPANT/PASSENGER,NO APPARENT INJURY,MASSACHUSETTS,,,,,,,,,FEMALE,FRONT SEAT - RIGHT SIDE,SHOULDER AND LAP BELT USED,NOT TRAPPED,
9010,10/30/2019 04:18:00 PM,Wednesday,PASSENGER CAR,,,CHURCH STREET,,MASSACHUSETTS AVE,,1.0,,UNKNOWN,ROADSIDE,COLLISION WITH PEDALCYCLE,DAYLIGHT,CLOUDY,,NO CONTROLS,NO,DRY,NOT AT INTERSECTION,"TWO-WAY, NOT DIVIDED",NO,NO,25,NON INTERSECTION,,,,,,,WESTBOUND,,SOUTHBOUND,,,T-MOBILE STORE,,,UNKNOWN,,,PAN,MA,PASSENGER CAR,N,,,TRAVELING STRAIGHT AHEAD,2015.0,UNKNOWN,RAV,TOTY,1.0,,COLLISION WITH PEDALCYCLE,,,,UNKNOWN,,,N,UNKNOWN,,,,,,,,,,,UNKNOWN,,,,,,,UNKNOWN,,,,,,,,,,,,,,,,,,,,,,,,,,,,,,,,,,,,,,,,,,,,,NON-MOTORIST,POSSIBLE INJURY,MASSACHUSETTS,"D, CLASS D VEHICLES",,UNKNOWN,CYCLIST,"WALKING, RUNNING OR CYCLING",IN ROADWAY,HELMET,,MALE,,,,,UNINVOLVED OWNER,,MASSACHUSETTS,,,,,,,,,FEMALE,,,,
9025,06/27/2020 02:23:00 PM,Saturday,PASSENGER CAR,,,MASS AVE,UPLAND RD,,"MASS AVE
Cambridge, MA",1.0,,ANGLE,ROADWAY,COLLISION WITH PEDALCYCLE,DAYLIGHT,CLEAR,,TRAFFIC CONTROL SIGNAL,YES,DRY,T-INTERSECTION,"TWO-WAY, DIVIDED, POSITIVE MEDIAN BARRIER",NO,NO,0,INTERSECTION,MASS AVE,EASTBOUND,UPLAND RD,NORTHBOUND,,,,,,,,,,,NONE,,,PAN,MA,PASSENGER CAR,N,,,TRAVELING STRAIGHT AHEAD,2006.0,COLLISION WITH PEDALCYCLE,PRIUS,TOYOTA,1.0,,COLLISION WITH PEDALCYCLE,,,,LEFT FRONT,,,N,EASTBOUND,,,,,,,,,,,NO IMPROPER DRIVING,,,,,,,NOT DISTRACTED,,,,,,,,,,,,,,,,,,,,,,,,,,,,,,,,,,,,,,,,,,,,,OPERATOR/DRIVER,NO APPARENT INJURY,MASSACHUSETTS,"D, CLASS D VEHICLES",,NONE,,,,,,MALE,"FRONT SEAT - LEFT SIDE, OR MOTORCYLE DRIVER",SHOULDER AND LAP BELT USED,NOT TRAPPED,Y,NON-MOTORIST,SUSPECTED MINOR INJURY,,,,,CYCLIST,ENTERING OR CROSSING SPECIFIED LOCATION,IN ROADWAY,NONE USED,,FEMALE,,,,