,Date Time,Day of Week,Object 1,Object 2,Street Number,Street Name,Cross Street,Near Street,Location,May involve cyclist,May Involve Pedestrian,Manner of Collision,First Harmful Event Location,First Harmful Event,Ambient Light,Weather Condition 1,Weather Condition 2,Traffic Control Device Type,Traffic Control Device Functionality,Road Surface Condition,Roadway Junction Type,Trafficway Description,School Bus Related,Work Zone,Speed Limit,Street or Intersection,Intersection Name 1,Intersection Direction 1,Intersection Name 2,Intersection Direction 2,Intersection Name 3,Intersection Direction 3,Street Direction,Nearest Intersection Distance,Nearest Intersection Direction,Landmark Distance,Landmark Direction,Landmark,Mile Marker Direction,Non Public Area,Road Contributing,Damaged Property Type,Description of Damaged Property,V1 Registration Type,v1 State Code,V1 Configuration,V1 Emergency Response,V1 Moped,V1 Hit and Run,V1 Action Prior to Crash,V1 Model Year,V1 Most Harmful Event,V1 Model,V1 Make,V1 Occupant Count,V1 Underride Override,V1 First Event,V1 Second Event,V1 Third Event,V1 Fourth Event,V1 Most Damaged Area,V1 Second Damaged Area,V1 Third Damaged Area,V1 Towed,V1 Travel Direction,V1 Interstate,V1 Cargo Body Type,V1 Gross Weight,V1 Haz Placard,V1 Haz Release,V1 Trailer Reg Type,V1 Trailer Reg Plate,V1 Trailer Reg State,V1 Trailer Reg Year,V1 Trailer Len,V1 Driver Contribution,V1 Driver Contribution 2,V1 Is Truck,V1 Has Trailer,V1 Is Bus,V1 Is Hazmat,V1 Reg Year,V1 Driver Distracted,V1 Bus Use,V1 Tow Use,V2 Registration Type,V2 State Code,V2 Configuration,V2 Emergency Response,V2 Moped,V2 Hit and Run,V2 Action Prior to Crash,V2 Model Year,V2 Most Harmful Event,V2 Model,V2 Make,V2 Occupant Count,V2 Underride Override,V2 First Event,V2 Second Event,V2 Third Event,V2 Fourth Event,V2 Most Damaged Area,V2 Second Damaged Area,V2 Third Damaged Area,V2 Towed,V2 Travel Direction,V2 Interstate,V2 Cargo Body Type,V2 Gross Weight,V2 Haz Placard,V2 Haz Release,V2 Trailer Reg Type,V2 Trailer Reg Plate,V2 Trailer Reg State,V2 Trailer Reg Year,V2 Trailer Len,V2 Driver Contribution,V2 Driver Contribution 2,V2 Is Truck,V2 Has Trailer,V2 Is Bus,V2 Is Hazmat,V2 Reg Year,V2 Driver Distracted,V2 Bus Use,V2 Tow Use,P1 Role,P1 Injury,P1 Drivers Lic State,P1 Drivers Lic Class 1,P1 Drivers Lic Class 2,P1 Drivers Lic Restrict,P1 Non Motorist Desc,P1 Non Motorist Action,P1 Non Motorist Location,P1 Safety Equipment,P1 Age,P1 Sex,P1 Seat Position,P1 Safety System,P1 Trapped,P1 Veh Owner,P2 Role,P2 Injury,P2 Drivers Lic State,P2 Drivers Lic Class 1,P2 Drivers Lic Class 2,P2 Drivers Lic Restrict,P2 Non Motorist Desc,P2 Non Motorist Action,P2 Non Motorist Location,P2 Safety Equipment,P2 Age,P2 Sex,P2 Seat Position,P2 Safety System,P2 Trapped,P2 Veh Owner
9206,11/04/2019 07:52:00 PM,Monday,PASSENGER CAR,,1667,MASS AVE,,,"1667 MASS AVE
Cambridge, MA
(42.382161, -71.119634)",1.0,,"SIDESWIPE, SAME DIRECTION",ROADWAY,COLLISION WITH PEDALCYCLE,DARK - LIGHTED ROADWAY,CLEAR,,NO CONTROLS,YES,DRY,NOT AT INTERSECTION,"TWO-WAY, DIVIDED, UNPROTECTED MEDIAN",NO,NO,20,NON INTERSECTION,,,,,,,NORTHBOUND,,,,,,,,NONE,,,PAN,RI,PASSENGER CAR,N,,,SLOWING OR STOPPED IN TRAFFIC,2017.0,COLLISION WITH PEDALCYCLE,OPTIMA,KIA,2.0,,COLLISION WITH PEDALCYCLE,,,,LEFT SIDE,,,N,NORTHBOUND,,,,,,,,,,,NO IMPROPER DRIVING,NO IMPROPER DRIVING,,,,,,NOT DISTRACTED,,,,,,,,,,,,,,,,,,,,,,,,,,,,,,,,,,,,,,,,,,,,,OPERATOR/DRIVER,NO APPARENT INJURY,RHODE ISLAND,"D, CLASS D VEHICLES",,NONE,,,,,,MALE,,,,,OCCUPANT/PASSENGER,NO APPARENT INJURY,ILLINOIS,,,NONE,,,,,,MALE,,,,
9261,10/19/2021 09:05:00 AM,Tuesday,"SINGLE UNIT TRUCK (2 AXLES, 6 TIRES)",,,MASS AVE,PEARL ST,,"MASS AVE
Cambridge, MA",1.0,,ANGLE,ROADSIDE,COLLISION WITH PEDALCYCLE,DAYLIGHT,CLEAR,,NO CONTROLS,,DRY,T-INTERSECTION,"TWO-WAY, NOT DIVIDED",NO,NO,25,INTERSECTION,MASS AVE,EASTBOUND,PEARL ST,SOUTHBOUND,,,,,,,,,,,NONE,,,APN,MA,"SINGLE UNIT TRUCK (2 AXLES, 6 TIRES)",N,,,TURNING RIGHT,2016.0,COLLISION WITH PEDALCYCLE,M2106,FRHT,1.0,,COLLISION WITH PEDALCYCLE,,,,NONE,,,N,SOUTHBOUND,,,,,,,,,,,UNKNOWN,,Y,,,,,UNKNOWN,NOT A BUS,,,,,,,,,,,,,,,,,,,,,,,,,,,,,,,,,,,,,,,,,,,,OPERATOR/DRIVER,NO APPARENT INJURY,MASSACHUSETTS,"A, CLASS A VEHICLES",,CORRECTIVE LENSES,,,,,,MALE,"FRONT SEAT - LEFT SIDE, OR MOTORCYLE DRIVER",UNKNOWN,NOT TRAPPED,,NON-MOTORIST,SUSPECTED MINOR INJURY,,,,,CYCLIST,"WALKING, RUNNING OR CYCLING",AT INTERSECTION BUT NO CROSSWALK,HELMET,,FEMALE,,,,
9361,03/07/2021 09:53:00 PM,Sunday,PASSENGER CAR,,1001,MASSACHUSETTS AVENUE,,,"1001 MASSACHUSETTS AVENUE
Cambridge, MA
(42.369398, -71.11138)",1.0,,SINGLE VEHICLE CRASH,ROADWAY,COLLISION WITH PARKED MOTOR VEHICLE,DAYLIGHT,CLEAR,CLEAR,NO CONTROLS,,DRY,NOT AT INTERSECTION,"TWO-WAY, NOT DIVIDED",NO,NO,20,NON INTERSECTION,,,,,,,WESTBOUND,,,,,,,,NONE,,,PAN,MA,PASSENGER CAR,N,,,PARKED,2001.0,COLLISION WITH PEDALCYCLE,CT200H,LEXIS,1.0,,COLLISION WITH PEDALCYCLE,UNKNOWN,UNKNOWN,UNKNOWN,LEFT SIDE,NONE,NONE,N,WESTBOUND,,,,,,,,,,,INATTENTION,UNKNOWN,,,,,,UNKNOWN,,NO,,,,,,,,,,,,,,,,,,,,,,,,,,,,,,,,,,,,,,,,,,,OPERATOR/DRIVER,NO APPARENT INJURY,MASSACHUSETTS,"D, CLASS D VEHICLES",,NONE,,,,,,MALE,"FRONT SEAT - LEFT SIDE, OR MOTORCYLE DRIVER",UNKNOWN,NOT TRAPPED,Y,NON-MOTORIST,SUSPECTED MINOR INJURY,,UNKNOWN,UNKNOWN,UNKNOWN,CYCLIST,"WALKING, RUNNING OR CYCLING",SHOULDER,HELMET,,MALE,,,,
9374,07/02/2020 03:18:00 PM,Thursday,TRUCK TRAILER,TRACTOR / DOUBLES,,VASSAR STREET,MASSACHUSETTS AVENUE,,"VASSAR STREET
Cambridge, MA",1.0,,ANGLE,ROADWAY,COLLISION WITH OTHER MOVABLE OBJECT,DAYLIGHT,CLEAR,,TRAFFIC CONTROL SIGNAL,YES,DRY,FOUR WAY INTERSECTION,"TWO-WAY, NOT DIVIDED",NO,NO,25,INTERSECTION,VASSAR STREET,SOUTHBOUND,MASSACHUSETTS AVENUE,WESTBOUND,,,,,,,,,,,NONE,,,TRAILER,IN,TRUCK TRAILER,N,,,TURNING RIGHT,2017.0,COLLISION WITH OTHER MOVABLE OBJECT,ST,LED,1.0,,COLLISION WITH OTHER MOVABLE OBJECT,,,,NONE,,,N,WESTBOUND,,,,,,TRAILER,P522036,INDIANA,2017.0,,UNKNOWN,,,Y,,,,NOT DISTRACTED,,NO,APPORTIONED,IN,TRACTOR / DOUBLES,N,,,TURNING RIGHT,2016,COLLISION WITH OTHER MOVABLE OBJECT,TR,FRT,1.0,,COLLISION WITH OTHER MOVABLE OBJECT,,,,NONE,,,N,WESTBOUND,,,,,,,,,,,UNKNOWN,,Y,,,,,NOT DISTRACTED,,NO,NON-MOTORIST,SUSPECTED MINOR INJURY,,,,,CYCLIST,STANDING,IN ROADWAY,HELMET,,FEMALE,,,,,OPERATOR/DRIVER,NO APPARENT INJURY,MASSACHUSETTS,"A, CLASS A VEHICLES","M, CLASS M VEHICLES",CORRECTIVE LENSES,,,,,,MALE,,,,
9377,08/15/2021 10:13:00 AM,Sunday,PASSENGER CAR,,,MASS AVE,PEABODY ST,,"MASS AVE
Cambridge, MA",1.0,,SINGLE VEHICLE CRASH,ROADWAY,COLLISION WITH PEDALCYCLE,DAYLIGHT,CLEAR,CLEAR,TRAFFIC CONTROL SIGNAL,YES,DRY,T-INTERSECTION,"ONE-WAY, NOT DIVIDED",NO,NO,25,INTERSECTION,MASS AVE,NORTHBOUND,PEABODY ST,EASTBOUND,MASS AVE,NORTHBOUND,,,,,,,,,NONE,,,PAN,MA,PASSENGER CAR,N,,,SLOWING OR STOPPED IN TRAFFIC,2017.0,COLLISION WITH PEDALCYCLE,FOREST,SUBA,2.0,,COLLISION WITH PEDALCYCLE,COLLISION WITH PEDALCYCLE,COLLISION WITH PEDALCYCLE,COLLISION WITH PEDALCYCLE,NONE,NONE,NONE,N,EASTBOUND,,,,,,,,,,,NO IMPROPER DRIVING,NO IMPROPER DRIVING,,,,,,UNKNOWN,,,,,,,,,,,,,,,,,,,,,,,,,,,,,,,,,,,,,,,,,,,,,OCCUPANT/PASSENGER,NO APPARENT INJURY,MASSACHUSETTS,"D, CLASS D VEHICLES",,CORRECTIVE LENSES,,,,,,MALE,FRONT SEAT - RIGHT SIDE,UNKNOWN,NOT TRAPPED,,OPERATOR/DRIVER,NO APPARENT INJURY,MASSACHUSETTS,"D, CLASS D VEHICLES",,NONE,,,,,,MALE,"FRONT SEAT - LEFT SIDE, OR MOTORCYLE DRIVER",UNKNOWN,NOT TRAPPED,
9477,07/07/2020 06:38:00 PM,Tuesday,PASSENGER CAR,,,MASS AVE,RUSSELL ST,,"MASS AVE
Cambridge, MA",1.0,,ANGLE,ROADWAY,COLLISION WITH PEDALCYCLE,DAYLIGHT,CLEAR,,NO CONTROLS,,DRY,T-INTERSECTION,"TWO-WAY, DIVIDED, POSITIVE MEDIAN BARRIER",NO,NO,25,INTERSECTION,MASS AVE,WESTBOUND,RUSSELL ST,NORTHBOUND,,,,,,,,,,,NONE,,,PAN,MA,PASSENGER CAR,N,,,TURNING LEFT,2002.0,COLLISION WITH PEDALCYCLE,35RL,ACURA,1.0,,COLLISION WITH PEDALCYCLE,,,,RIGHT SIDE,,,N,NORTHBOUND,,,,,,,,,,,VISIBILITY OBSTRUCTED,,,,,,,UNKNOWN,,NO,,,,,,,,,,,,,,,,,,,,,,,,,,,,,,,,,,,,,,,,,,,OPERATOR/DRIVER,NO APPARENT INJURY,MASSACHUSETTS,"M, CLASS M VEHICLES","D, CLASS D VEHICLES",CORRECTIVE LENSES,,,,,,MALE,"FRONT SEAT - LEFT SIDE, OR MOTORCYLE DRIVER",UNKNOWN,NOT TRAPPED,Y,NON-MOTORIST,SUSPECTED MINOR INJURY,MASSACHUSETTS,,,,CYCLIST,"WALKING, RUNNING OR CYCLING",IN ROADWAY,HELMET,,MALE,,,,
9503,03/09/2020 12:42:00 PM,Monday,"LIGHT TRUCK(VAN, MINI VAN, PICK-UP, SPORT UTILITY)",,,MASSACHUSETTS AVENUE,,MELLON STREET,,1.0,,"SIDESWIPE, SAME DIRECTION",ROADWAY,COLLISION WITH PARKED MOTOR VEHICLE,DUSK,"SLEET, HAIL, FREEZING RAIN OR DRIZZLE","SLEET, HAIL, FREEZING RAIN OR DRIZZLE",NO CONTROLS,NO,WET,NOT AT INTERSECTION,"ONE-WAY, NOT DIVIDED",NO,NO,25,NON INTERSECTION,,,,,,,EASTBOUND,,EASTBOUND,,WESTBOUND,LESLEY UNIVERSITY ADMISSION BUILDING,,,NONE,,,PAS,MA,"LIGHT TRUCK(VAN, MINI VAN, PICK-UP, SPORT UTILITY)",N,,,PARKED,2020.0,COLLISION WITH PEDALCYCLE,ODYSSEY,HONDA,1.0,,COLLISION WITH PEDALCYCLE,COLLISION WITH PEDALCYCLE,COLLISION WITH PEDALCYCLE,COLLISION WITH PEDALCYCLE,LEFT SIDE,LEFT SIDE,LEFT SIDE,N,EASTBOUND,,,,,,,,,,,UNKNOWN,UNKNOWN,,,,,,UNKNOWN,,,,,,,,,,,,,,,,,,,,,,,,,,,,,,,,,,,,,,,,,,,,,OPERATOR/DRIVER,NO APPARENT INJURY,MASSACHUSETTS,"D, CLASS D VEHICLES",,NONE,,,,,58.0,FEMALE,"FRONT SEAT - LEFT SIDE, OR MOTORCYLE DRIVER",UNKNOWN,NOT TRAPPED,,NON-MOTORIST,SUSPECTED MINOR INJURY,NORTH CAROLINA,,,,,,,,24.0,MALE,,,,
9527,07/23/2020 09:56:00 AM,Thursday,PASSENGER CAR,,1575,MASS AVE,,,"1575 MASS AVE
Cambridge, MA
(42.378753, -71.120004)",1.0,,"SIDESWIPE, SAME DIRECTION",ROADWAY,COLLISION WITH PARKED MOTOR VEHICLE,DAYLIGHT,CLEAR,CLEAR,NO CONTROLS,,DRY,NOT AT INTERSECTION,"TWO-WAY, NOT DIVIDED",NO,NO,UNK,NON INTERSECTION,,,,,,,EASTBOUND,,,,,,,,UNKNOWN,,,PAN,MA,PASSENGER CAR,Y,,,PARKED,2010.0,COLLISION WITH PEDALCYCLE,FORESTER,SUBARU,2.0,,COLLISION WITH PEDALCYCLE,COLLISION WITH PEDALCYCLE,COLLISION WITH PEDALCYCLE,COLLISION WITH PEDALCYCLE,NONE,,,N,EASTBOUND,,,,,,,,,,,UNKNOWN,OTHER IMPROPER ACTION,,,,,,UNKNOWN,,NO,,,,,,,,,,,,,,,,,,,,,,,,,,,,,,,,,,,,,,,,,,,NON-MOTORIST,SUSPECTED MINOR INJURY,,,,,CYCLIST,"WALKING, RUNNING OR CYCLING",IN ROADWAY,HELMET,31.0,MALE,,,,,OPERATOR/DRIVER,NO APPARENT INJURY,MASSACHUSETTS,"D, CLASS D VEHICLES",,CORRECTIVE LENSES,,,,,26.0,FEMALE,UNKNOWN,UNKNOWN,NOT TRAPPED,Y
9608,01/23/2020 08:56:00 PM,Thursday,"LIGHT TRUCK(VAN, MINI VAN, PICK-UP, SPORT UTILITY)",,250,MASSACHUSETTS AVE,,WINDSOR STREET,"250 MASSACHUSETTS AVE
Cambridge, MA
(42.361606, -71.097317)",1.0,,ANGLE,ROADWAY,COLLISION WITH PEDALCYCLE,DARK - LIGHTED ROADWAY,CLOUDY,,STOP SIGNS,YES,DRY,T-INTERSECTION,"TWO-WAY, NOT DIVIDED",NO,NO,25,NON INTERSECTION,,,,,,,NORTHBOUND,,EASTBOUND,,,,,,NONE,,,PAN,MA,"LIGHT TRUCK(VAN, MINI VAN, PICK-UP, SPORT UTILITY)",N,,Y,TRAVELING STRAIGHT AHEAD,2019.0,COLLISION WITH PEDALCYCLE,COMPAS,JEEP,1.0,,COLLISION WITH PEDALCYCLE,,,,UNKNOWN,,,N,WESTBOUND,,,,,,,,,,,FAILED TO YIELD THE RIGHT OF WAY,"DISREGARDED TRAFFIC SIGNS, SIGNALS, ROAD MARKINGS",,,,,,UNKNOWN,,NO,,,,,,,,,,,,,,,,,,,,,,,,,,,,,,,,,,,,,,,,,,,NON-MOTORIST,NO APPARENT INJURY,NEW JERSEY,"D, CLASS D VEHICLES",,,CYCLIST,ENTERING OR CROSSING SPECIFIED LOCATION,IN ROADWAY,HELMET,,FEMALE,,,,,WITNESS,,MASSACHUSETTS,"D, CLASS D VEHICLES",,UNKNOWN,,,,,,MALE,,,,
1758,04/13/2017 08:13:00 PM,Thursday,PASSENGER CAR,,,MASS AVE,ALBANY ST,,"MASS AVE
Cambridge, MA",1.0,1.0,ANGLE,ROADWAY,COLLISION WITH PEDALCYCLE,DARK - LIGHTED ROADWAY,CLEAR,,TRAFFIC CONTROL SIGNAL,YES,DRY,FOUR WAY INTERSECTION,"TWO-WAY, NOT DIVIDED",NO,NO,25,INTERSECTION,MASS AVE,EASTBOUND,ALBANY ST,SOUTHBOUND,,,,,,,,,,,NONE,,,PAN,MA,PASSENGER CAR,N,,,TURNING LEFT,2007.0,COLLISION WITH PEDALCYCLE,COROLL,TOYOTA,1.0,,COLLISION WITH PEDALCYCLE,COLLISION WITH PEDESTRIAN,,,RIGHT SIDE,,,N,SOUTHBOUND,,,,,,,,,,,UNKNOWN,,,,,,,NOT DISTRACTED,,,,,,,,,,,,,,,,,,,,,,,,,,,,,,,,,,,,,,,,,,,,,OPERATOR/DRIVER,NO INJURY,MASSACHUSETTS,"D, CLASS D VEHICLES",,UNKNOWN,,,,,,MALE,"FRONT SEAT - LEFT SIDE, OR MOTORCYLE DRIVER",SHOULDER AND LAP BELT USED,NOT TRAPPED,Y,NON-MOTORIST,NON FATAL INJURY - NON INCAPACITATING,MASSACHUSETTS,,,,CYCLIST,"WALKING, RUNNING OR CYCLING",SHARED-USE PATH OR TRAILS,HELMET,,MALE,,,,
3490,07/21/2015 08:57:00 AM,Tuesday,"LIGHT TRUCK(VAN, MINI VAN, PICK-UP, SPORT UTILITY)",,,MASS AVE,GARDEN ST,,"MASS AVE
Cambridge, MA",1.0,1.0,ANGLE,ROADWAY,COLLISION WITH PEDALCYCLE,DAYLIGHT,CLOUDY,,TRAFFIC CONTROL SIGNAL,YES,DRY,UNKNOWN,"TWO-WAY, NOT DIVIDED",NO,NO,,INTERSECTION,MASS AVE,,GARDEN ST,,,,,,,,,,,,,,,CON,MA,"LIGHT TRUCK(VAN, MINI VAN, PICK-UP, SPORT UTILITY)",N,,,TURNING RIGHT,2007.0,COLLISION WITH PEDALCYCLE,EDGE,FORD,1.0,,COLLISION WITH PEDALCYCLE,,,,RIGHT SIDE,,,N,EASTBOUND,,,,,,,,,,,UNKNOWN,,,,,,,,,,,,,,,,,,,,,,,,,,,,,,,,,,,,,,,,,,,,,,,,,,,,OPERATOR/DRIVER,NO INJURY,MASSACHUSETTS,"D, CLASS D VEHICLES",,,,,,,,MALE,"FRONT SEAT - LEFT SIDE, OR MOTORCYLE DRIVER",UNKNOWN,NOT TRAPPED,Y,NON-MOTORIST,NON FATAL INJURY - INCAPACITATING,,,,,CYCLIST,"WALKING, RUNNING OR CYCLING",PEDESTRIAN,HELMET,,FEMALE,,,,
5949,05/10/2017 09:50:00 PM,Wednesday,PASSENGER CAR,,,MEACHUM STREET,,MASSACHUSETTS AVE,,1.0,1.0,ANGLE,ROADWAY,COLLISION WITH PEDALCYCLE,DAYLIGHT,CLOUDY,,UNKNOWN,NO,DRY,NOT AT INTERSECTION,UNKNOWN,NO,NO,25,NON INTERSECTION,,,,,,,NORTHBOUND,,,,,,,,NONE,OTHER,BICYCLE,PAN,MA,PASSENGER CAR,N,,,TURNING RIGHT,2917.0,COLLISION WITH PEDALCYCLE,LEGACY,SUBARU,1.0,,COLLISION WITH PEDESTRIAN,,,,CENTER FRONT,LEFT FRONT,OTHER,N,UNKNOWN,,,,,,,,,,,UNKNOWN,,,,,,,UNKNOWN,,NO,,,,,,,,,,,,,,,,,,,,,,,,,,,,,,,,,,,,,,,,,,,OPERATOR/DRIVER,NO INJURY,MASSACHUSETTS,"D, CLASS D VEHICLES",,NONE,,,,,,FEMALE,,,,Y,NON-MOTORIST,UNKNOWN,,,,,CYCLIST,"WALKING, RUNNING OR CYCLING",IN ROADWAY,UNKNOWN,,MALE,,,,
5951,07/26/2018 11:09:00 PM,Thursday,"LIGHT TRUCK(VAN, MINI VAN, PICK-UP, SPORT UTILITY)",,,MASSACHUSETTS AVE,,GARDEN STREET,,1.0,1.0,ANGLE,ROADWAY,COLLISION WITH PEDESTRIAN,DUSK,CLEAR,,NO CONTROLS,NO,DRY,NOT AT INTERSECTION,"ONE-WAY, NOT DIVIDED",NO,NO,25,NON INTERSECTION,,,,,,,WESTBOUND,,SOUTHBOUND,,,,,,NONE,,,PAN,MA,"LIGHT TRUCK(VAN, MINI VAN, PICK-UP, SPORT UTILITY)",N,,,TURNING RIGHT,2015.0,COLLISION WITH PEDESTRIAN,ROGUE,NISSAN,1.0,,COLLISION WITH PEDESTRIAN,,,,NONE,,,N,WESTBOUND,,,,,,,,,,,UNKNOWN,,,,,,,UNKNOWN,,NO,,,,,,,,,,,,,,,,,,,,,,,,,,,,,,,,,,,,,,,,,,,OPERATOR/DRIVER,NO INJURY,MASSACHUSETTS,"D, CLASS D VEHICLES",,UNKNOWN,,,,,,MALE,,,,Y,NON-MOTORIST,NON FATAL INJURY - POSSIBLE,,,,,CYCLIST,,,UNKNOWN,,MALE,,,,
6587,07/20/2018 08:44:00 AM,Friday,PASSENGER CAR,,,MASS AVE,CAMERON AVE,,"MASS AVE
Cambridge, MA",1.0,1.0,"SIDESWIPE, SAME DIRECTION",ROADWAY,COLLISION WITH PEDALCYCLE,DAYLIGHT,CLEAR,CLOUDY,TRAFFIC CONTROL SIGNAL,YES,DRY,T-INTERSECTION,"TWO-WAY, DIVIDED, POSITIVE MEDIAN BARRIER",NO,NO,25,INTERSECTION,MASS AVE,NORTHBOUND,CAMERON AVE,EASTBOUND,,,,,,,,,,,NONE,,,CON,MA,PASSENGER CAR,N,,,TRAVELING STRAIGHT AHEAD,2016.0,COLLISION WITH PEDESTRIAN,CIVIC,HONDA,1.0,,COLLISION WITH PEDALCYCLE,,,,LEFT REAR,,,N,NORTHBOUND,,,,,,,,,,,INATTENTION,,,,,,,UNKNOWN,,,,,,,,,,,,,,,,,,,,,,,,,,,,,,,,,,,,,,,,,,,,,OPERATOR/DRIVER,NO INJURY,,"C, CLASS C VEHICLES",,NONE,,,,,,MALE,"FRONT SEAT - LEFT SIDE, OR MOTORCYLE DRIVER",UNKNOWN,NOT TRAPPED,Y,NON-MOTORIST,NON FATAL INJURY - POSSIBLE,NEW YORK,,,,CYCLIST,"WALKING, RUNNING OR CYCLING",IN ROADWAY,HELMET,,MALE,,,,
6662,12/16/2018 11:14:00 AM,Sunday,PASSENGER CAR,,,MASS AVE,,DAY ST,,1.0,1.0,UNKNOWN,ROADWAY,COLLISION WITH PEDALCYCLE,DAYLIGHT,CLOUDY,CLOUDY,NO CONTROLS,,DRY,NOT AT INTERSECTION,"ONE-WAY, NOT DIVIDED",NO,NO,25,NON INTERSECTION,,,,,,,WESTBOUND,,NORTHBOUND,,,,,,UNKNOWN,,,PAN,MA,PASSENGER CAR,N,,,PARKED,2016.0,COLLISION WITH PEDESTRIAN,CRV,HONDA,1.0,,COLLISION WITH PEDALCYCLE,OTHER,OTHER,OTHER,NONE,NONE,NONE,N,UNKNOWN,,,,,,,,,,,,OTHER IMPROPER ACTION,,,,,,UNKNOWN,,NO,,,,,,,,,,,,,,,,,,,,,,,,,,,,,,,,,,,,,,,,,,,OPERATOR/DRIVER,NO INJURY,MASSACHUSETTS,"D, CLASS D VEHICLES","D, CLASS D VEHICLES",CORRECTIVE LENSES,,,,,,FEMALE,"FRONT SEAT - LEFT SIDE, OR MOTORCYLE DRIVER",UNKNOWN,NOT TRAPPED,Y,NON-MOTORIST,UNKNOWN,MASSACHUSETTS,"D, CLASS D VEHICLES","D, CLASS D VEHICLES",CORRECTIVE LENSES,CYCLIST,"WALKING, RUNNING OR CYCLING",SHARED-USE PATH OR TRAILS,HELMET,,MALE,,,,
7672,01/15/2020 07:09:00 PM,Wednesday,PASSENGER CAR,,1438,MASSACHUSETTS AVE,,CHURCH STREET,"1438 MASSACHUSETTS AVE
Cambridge, MA
(42.374065, -71.118951)",1.0,1.0,"SIDESWIPE, SAME DIRECTION",ROADSIDE,COLLISION WITH PEDALCYCLE,DUSK,CLEAR,,NO CONTROLS,,DRY,NOT AT INTERSECTION,"TWO-WAY, NOT DIVIDED",NO,NO,25,NON INTERSECTION,,,,,,,SOUTHBOUND,,EASTBOUND,,,T- MOBILE STORE,,,NONE,,,PAN,MA,PASSENGER CAR,N,,Y,OVERTAKING / PASSING,2018.0,COLLISION WITH PEDESTRIAN,TLX,ACURA,1.0,,COLLISION WITH PEDALCYCLE,,,,UNKNOWN,,,N,SOUTHBOUND,,,,,,,,,,,UNKNOWN,,,,,,,UNKNOWN,,NO,,,,,,,,,,,,,,,,,,,,,,,,,,,,,,,,,,,,,,,,,,,NON-MOTORIST,SUSPECTED MINOR INJURY,MASSACHUSETTS,"D, CLASS D VEHICLES",,UNKNOWN,CYCLIST,"WALKING, RUNNING OR CYCLING",SHOULDER,UNKNOWN,,FEMALE,,,,,UNINVOLVED OWNER,,,,,,,,,,,UNKNOWN,,,,Y
8647,05/26/2020 07:01:00 PM,Tuesday,PASSENGER CAR,,,MASS AVE,PEARL ST,,"MASS AVE
Cambridge, MA",1.0,1.0,ANGLE,ROADWAY,COLLISION WITH PEDALCYCLE,DARK - LIGHTED ROADWAY,CLEAR,CLEAR,NO CONTROLS,NO,DRY,T-INTERSECTION,"ONE-WAY, NOT DIVIDED",NO,NO,25,INTERSECTION,MASS AVE,EASTBOUND,PEARL ST,SOUTHBOUND,,,,,,,,,,,NONE,OTHER,FOLDING BICYCLE,,YT,PASSENGER CAR,N,,,TURNING LEFT,,COLLISION WITH PEDESTRIAN,,,1.0,,COLLISION WITH PEDALCYCLE,COLLISION WITH PEDALCYCLE,COLLISION WITH PEDALCYCLE,COLLISION WITH PEDALCYCLE,CENTER FRONT,,,N,SOUTHBOUND,,,,,,,,,,,UNKNOWN,UNKNOWN,,,,,,UNKNOWN,,NO,,,,,,,,,,,,,,,,,,,,,,,,,,,,,,,,,,,,,,,,,,,OPERATOR/DRIVER,NO APPARENT INJURY,,UNKNOWN,UNKNOWN,UNKNOWN,,,,,,MALE,"FRONT SEAT - LEFT SIDE, OR MOTORCYLE DRIVER",UNKNOWN,NOT TRAPPED,,NON-MOTORIST,SUSPECTED MINOR INJURY,,UNKNOWN,,,CYCLIST,ENTERING OR CROSSING SPECIFIED LOCATION,MARKED CROSSWALK AT INTERSECTION,HELMET,18.0,FEMALE,,,,